"STATION","DATE","LATITUDE","LONGITUDE","ELEVATION","NAME","PRCP","PRCP_ATTRIBUTES","SNOW","SNOW_ATTRIBUTES","SNWD","SNWD_ATTRIBUTES","WESD","WESD_ATTRIBUTES"
"US1COPK0060","2004-03-22","39.223","-106.0011","3033.1","FAIRPLAY .10 SSE, CO US","    0",",,N","    0",",,N","    0",",,N",,
"US1COPK0060","2004-03-23","39.223","-106.0011","3033.1","FAIRPLAY .10 SSE, CO US","    0",",,N","    0",",,N","    0",",,N",,
"US1COPK0060","2004-03-24","39.223","-106.0011","3033.1","FAIRPLAY .10 SSE, CO US","    0","T,,N","    0",",,N","    0",",,N",,
"US1COPK0060","2004-03-25","39.223","-106.0011","3033.1","FAIRPLAY .10 SSE, CO US","    3",",,N","    0","T,,N","    0",",,N",,
"US1COPK0060","2004-03-26","39.223","-106.0011","3033.1","FAIRPLAY .10 SSE, CO US","    0",",,N","    0",",,N","    0",",,N",,
"US1COPK0060","2004-03-27","39.223","-106.0011","3033.1","FAIRPLAY .10 SSE, CO US","    0",",,N","    0",",,N","    0",",,N",,
"US1COPK0060","2004-03-28","39.223","-106.0011","3033.1","FAIRPLAY .10 SSE, CO US","    0",",,N","    0",",,N","    0",",,N",,
"US1COPK0060","2004-03-29","39.223","-106.0011","3033.1","FAIRPLAY .10 SSE, CO US","    0",",,N","    0",",,N","    0",",,N",,
"US1COPK0060","2004-03-30","39.223","-106.0011","3033.1","FAIRPLAY .10 SSE, CO US","    0",",,N","    0",",,N","    0",",,N",,
"US1COPK0060","2004-03-31","39.223","-106.0011","3033.1","FAIRPLAY .10 SSE, CO US","    0",",,N","    0",",,N","    0",",,N",,
"US1COPK0060","2004-04-01","39.223","-106.0011","3033.1","FAIRPLAY .10 SSE, CO US","    0",",,N","    0",",,N","    0",",,N",,
"US1COPK0060","2004-04-02","39.223","-106.0011","3033.1","FAIRPLAY .10 SSE, CO US","    0",",,N","    0",",,N","    0",",,N",,
"US1COPK0060","2004-04-03","39.223","-106.0011","3033.1","FAIRPLAY .10 SSE, CO US","   66",",,N","   64",",,N","   64",",,N",,
"US1COPK0060","2004-04-04","39.223","-106.0011","3033.1","FAIRPLAY .10 SSE, CO US","    3",",,N","    0",",,N","    0",",,N",,
"US1COPK0060","2004-04-05","39.223","-106.0011","3033.1","FAIRPLAY .10 SSE, CO US","   81",",,N","   38",",,N","   38",",,N",,
"US1COPK0060","2004-04-06","39.223","-106.0011","3033.1","FAIRPLAY .10 SSE, CO US","    3",",,N","    0",",,N","    0",",,N",,
"US1COPK0060","2004-04-07","39.223","-106.0011","3033.1","FAIRPLAY .10 SSE, CO US","   13",",,N","    0",",,N","    0",",,N",,
"US1COPK0060","2004-04-08","39.223","-106.0011","3033.1","FAIRPLAY .10 SSE, CO US","  196",",,N","  135",",,N","  135",",,N",,
"US1COPK0060","2004-04-09","39.223","-106.0011","3033.1","FAIRPLAY .10 SSE, CO US","   10",",,N","    0",",,N","    0",",,N",,
"US1COPK0060","2004-04-10","39.223","-106.0011","3033.1","FAIRPLAY .10 SSE, CO US","  124",",,N","  206",",,N","  206",",,N",,
"US1COPK0060","2004-04-11","39.223","-106.0011","3033.1","FAIRPLAY .10 SSE, CO US","    3",",,N","    0",",,N","  102",",,N",,
"US1COPK0060","2004-04-12","39.223","-106.0011","3033.1","FAIRPLAY .10 SSE, CO US","   23",",,N","    0",",,N","   51",",,N",,
"US1COPK0060","2004-04-13","39.223","-106.0011","3033.1","FAIRPLAY .10 SSE, CO US","    0",",,N","    0",",,N","    0",",,N",,
"US1COPK0060","2004-04-14","39.223","-106.0011","3033.1","FAIRPLAY .10 SSE, CO US","    0",",,N","    0",",,N","    0",",,N",,
"US1COPK0060","2004-04-15","39.223","-106.0011","3033.1","FAIRPLAY .10 SSE, CO US","    0","T,,N","    0",",,N","    0",",,N",,
"US1COPK0060","2004-04-16","39.223","-106.0011","3033.1","FAIRPLAY .10 SSE, CO US","    0",",,N","    0",",,N","    0",",,N",,
"US1COPK0060","2004-04-17","39.223","-106.0011","3033.1","FAIRPLAY .10 SSE, CO US","    0",",,N","    0",",,N","    0",",,N",,
"US1COPK0060","2004-04-18","39.223","-106.0011","3033.1","FAIRPLAY .10 SSE, CO US","    0",",,N","    0",",,N","    0",",,N",,
"US1COPK0060","2004-04-19","39.223","-106.0011","3033.1","FAIRPLAY .10 SSE, CO US","    0",",,N","    0",",,N","    0",",,N",,
"US1COPK0060","2004-04-20","39.223","-106.0011","3033.1","FAIRPLAY .10 SSE, CO US","    0",",,N","    0",",,N","    0",",,N",,
"US1COPK0060","2004-04-21","39.223","-106.0011","3033.1","FAIRPLAY .10 SSE, CO US","    0",",,N","    0",",,N","    0",",,N",,
"US1COPK0060","2004-04-22","39.223","-106.0011","3033.1","FAIRPLAY .10 SSE, CO US","   28",",,N","    0","T,,N","    0",",,N",,
"US1COPK0060","2004-04-23","39.223","-106.0011","3033.1","FAIRPLAY .10 SSE, CO US","  145",",,N","  124",",,N","  124",",,N",,
"US1COPK0060","2004-04-24","39.223","-106.0011","3033.1","FAIRPLAY .10 SSE, CO US","    8",",,N","    0",",,N","    0",",,N",,
"US1COPK0060","2004-04-25","39.223","-106.0011","3033.1","FAIRPLAY .10 SSE, CO US","    8",",,N","    0",",,N","    0",",,N",,
"US1COPK0060","2004-04-26","39.223","-106.0011","3033.1","FAIRPLAY .10 SSE, CO US","    0",",,N","    0",",,N","    0",",,N",,
"US1COPK0060","2004-04-27","39.223","-106.0011","3033.1","FAIRPLAY .10 SSE, CO US","    0",",,N","    0",",,N","    0",",,N",,
"US1COPK0060","2004-04-28","39.223","-106.0011","3033.1","FAIRPLAY .10 SSE, CO US","    0",",,N","    0",",,N","    0",",,N",,
"US1COPK0060","2004-04-29","39.223","-106.0011","3033.1","FAIRPLAY .10 SSE, CO US","    0",",,N","    0",",,N","    0",",,N",,
"US1COPK0060","2004-04-30","39.223","-106.0011","3033.1","FAIRPLAY .10 SSE, CO US","   84",",,N","   64",",,N","   64",",,N",,
"US1COPK0060","2004-05-01","39.223","-106.0011","3033.1","FAIRPLAY .10 SSE, CO US","   53",",,N","   48",",,N","   48",",,N",,
"US1COPK0060","2004-05-02","39.223","-106.0011","3033.1","FAIRPLAY .10 SSE, CO US","    0",",,N","    0",",,N","    0",",,N",,
"US1COPK0060","2004-05-03","39.223","-106.0011","3033.1","FAIRPLAY .10 SSE, CO US","    0",",,N","    0",",,N","    0",",,N",,
"US1COPK0060","2004-05-04","39.223","-106.0011","3033.1","FAIRPLAY .10 SSE, CO US","    0",",,N","    0",",,N","    0",",,N",,
"US1COPK0060","2004-05-05","39.223","-106.0011","3033.1","FAIRPLAY .10 SSE, CO US","    0",",,N","    0",",,N","    0",",,N",,
"US1COPK0060","2004-05-06","39.223","-106.0011","3033.1","FAIRPLAY .10 SSE, CO US","    0",",,N","    0",",,N","    0",",,N",,
"US1COPK0060","2004-05-07","39.223","-106.0011","3033.1","FAIRPLAY .10 SSE, CO US","    0",",,N","    0",",,N","    0",",,N",,
"US1COPK0060","2004-05-08","39.223","-106.0011","3033.1","FAIRPLAY .10 SSE, CO US","    0",",,N","    0",",,N","    0",",,N",,
"US1COPK0060","2004-05-09","39.223","-106.0011","3033.1","FAIRPLAY .10 SSE, CO US","    0",",,N","    0",",,N","    0",",,N",,
"US1COPK0060","2004-05-10","39.223","-106.0011","3033.1","FAIRPLAY .10 SSE, CO US","    0",",,N","    0",",,N","    0",",,N",,
"US1COPK0060","2004-05-11","39.223","-106.0011","3033.1","FAIRPLAY .10 SSE, CO US","    0",",,N","    0",",,N","    0",",,N",,
"US1COPK0060","2004-05-12","39.223","-106.0011","3033.1","FAIRPLAY .10 SSE, CO US","    0",",,N","    0",",,N","    0",",,N",,
"US1COPK0060","2004-05-13","39.223","-106.0011","3033.1","FAIRPLAY .10 SSE, CO US","   25",",,N","   10",",,N","   10",",,N",,
"US1COPK0060","2004-05-14","39.223","-106.0011","3033.1","FAIRPLAY .10 SSE, CO US","    0",",,N","    0",",,N","    0",",,N",,
"US1COPK0060","2004-05-15","39.223","-106.0011","3033.1","FAIRPLAY .10 SSE, CO US","    0",",,N","    0",",,N","    0",",,N",,
"US1COPK0060","2004-05-16","39.223","-106.0011","3033.1","FAIRPLAY .10 SSE, CO US","    0",",,N","    0",",,N","    0",",,N",,
"US1COPK0060","2004-05-17","39.223","-106.0011","3033.1","FAIRPLAY .10 SSE, CO US","    0",",,N","    0",",,N","    0",",,N",,
"US1COPK0060","2004-05-18","39.223","-106.0011","3033.1","FAIRPLAY .10 SSE, CO US","    0",",,N","    0",",,N","    0",",,N",,
"US1COPK0060","2004-05-19","39.223","-106.0011","3033.1","FAIRPLAY .10 SSE, CO US","    0",",,N","    0",",,N","    0",",,N",,
"US1COPK0060","2004-05-20","39.223","-106.0011","3033.1","FAIRPLAY .10 SSE, CO US","    0",",,N","    0",",,N","    0",",,N",,
"US1COPK0060","2004-05-21","39.223","-106.0011","3033.1","FAIRPLAY .10 SSE, CO US","    0",",,N","    0",",,N","    0",",,N",,
"US1COPK0060","2004-05-22","39.223","-106.0011","3033.1","FAIRPLAY .10 SSE, CO US","    0",",,N","    0",",,N","    0",",,N",,
"US1COPK0060","2004-05-23","39.223","-106.0011","3033.1","FAIRPLAY .10 SSE, CO US","    0",",,N","    0",",,N","    0",",,N",,
"US1COPK0060","2004-05-24","39.223","-106.0011","3033.1","FAIRPLAY .10 SSE, CO US","    0",",,N","    0",",,N","    0",",,N",,
"US1COPK0060","2004-05-25","39.223","-106.0011","3033.1","FAIRPLAY .10 SSE, CO US","    0",",,N","    0",",,N","    0",",,N",,
"US1COPK0060","2004-05-26","39.223","-106.0011","3033.1","FAIRPLAY .10 SSE, CO US","    0",",,N","    0",",,N","    0",",,N",,
"US1COPK0060","2004-05-27","39.223","-106.0011","3033.1","FAIRPLAY .10 SSE, CO US","    0",",,N","    0",",,N","    0",",,N",,
"US1COPK0060","2004-05-28","39.223","-106.0011","3033.1","FAIRPLAY .10 SSE, CO US","    0",",,N","    0",",,N","    0",",,N",,
"US1COPK0060","2004-05-29","39.223","-106.0011","3033.1","FAIRPLAY .10 SSE, CO US","    0","T,,N","    0",",,N","    0",",,N",,
"US1COPK0060","2004-05-30","39.223","-106.0011","3033.1","FAIRPLAY .10 SSE, CO US","    0","T,,N","    0",",,N","    0",",,N",,
"US1COPK0060","2004-05-31","39.223","-106.0011","3033.1","FAIRPLAY .10 SSE, CO US","    0",",,N","    0",",,N","    0",",,N",,
"US1COPK0060","2004-06-01","39.223","-106.0011","3033.1","FAIRPLAY .10 SSE, CO US","    0",",,N","    0",",,N","    0",",,N",,
"US1COPK0060","2004-06-02","39.223","-106.0011","3033.1","FAIRPLAY .10 SSE, CO US","    0",",,N","    0",",,N","    0",",,N",,
"US1COPK0060","2004-06-03","39.223","-106.0011","3033.1","FAIRPLAY .10 SSE, CO US","    0",",,N","    0",",,N","    0",",,N",,
"US1COPK0060","2004-06-04","39.223","-106.0011","3033.1","FAIRPLAY .10 SSE, CO US","    0",",,N","    0",",,N","    0",",,N",,
"US1COPK0060","2004-06-05","39.223","-106.0011","3033.1","FAIRPLAY .10 SSE, CO US","    0",",,N","    0",",,N","    0",",,N",,
"US1COPK0060","2004-06-06","39.223","-106.0011","3033.1","FAIRPLAY .10 SSE, CO US","    0",",,N","    0",",,N","    0",",,N",,
"US1COPK0060","2004-06-07","39.223","-106.0011","3033.1","FAIRPLAY .10 SSE, CO US","    0",",,N","    0",",,N","    0",",,N",,
"US1COPK0060","2004-06-08","39.223","-106.0011","3033.1","FAIRPLAY .10 SSE, CO US","    0",",,N","    0",",,N","    0",",,N",,
"US1COPK0060","2004-06-09","39.223","-106.0011","3033.1","FAIRPLAY .10 SSE, CO US","    0",",,N","    0",",,N","    0",",,N",,
"US1COPK0060","2004-06-10","39.223","-106.0011","3033.1","FAIRPLAY .10 SSE, CO US","    5",",,N","    0",",,N","    0",",,N",,
"US1COPK0060","2004-06-11","39.223","-106.0011","3033.1","FAIRPLAY .10 SSE, CO US","    0","T,,N","    0",",,N","    0",",,N",,
"US1COPK0060","2004-06-12","39.223","-106.0011","3033.1","FAIRPLAY .10 SSE, CO US","    0",",,N","    0",",,N","    0",",,N",,
"US1COPK0060","2004-06-13","39.223","-106.0011","3033.1","FAIRPLAY .10 SSE, CO US","    0",",,N","    0",",,N","    0",",,N",,
"US1COPK0060","2004-06-14","39.223","-106.0011","3033.1","FAIRPLAY .10 SSE, CO US","    0",",,N","    0",",,N","    0",",,N",,
"US1COPK0060","2004-06-15","39.223","-106.0011","3033.1","FAIRPLAY .10 SSE, CO US","    0",",,N","    0",",,N","    0",",,N",,
"US1COPK0060","2004-06-16","39.223","-106.0011","3033.1","FAIRPLAY .10 SSE, CO US","    0",",,N","    0",",,N","    0",",,N",,
"US1COPK0060","2004-06-17","39.223","-106.0011","3033.1","FAIRPLAY .10 SSE, CO US","    0",",,N","    0",",,N","    0",",,N",,
"US1COPK0060","2004-06-18","39.223","-106.0011","3033.1","FAIRPLAY .10 SSE, CO US","    3",",,N","    0",",,N","    0",",,N",,
"US1COPK0060","2004-06-19","39.223","-106.0011","3033.1","FAIRPLAY .10 SSE, CO US","    5",",,N","    0",",,N","    0",",,N",,
"US1COPK0060","2004-06-20","39.223","-106.0011","3033.1","FAIRPLAY .10 SSE, CO US","    8",",,N","    0",",,N","    0",",,N",,
"US1COPK0060","2004-06-21","39.223","-106.0011","3033.1","FAIRPLAY .10 SSE, CO US","    0",",,N","    0",",,N","    0",",,N",,
"US1COPK0060","2004-06-22","39.223","-106.0011","3033.1","FAIRPLAY .10 SSE, CO US","   18",",,N","    0",",,N","    0",",,N",,
"US1COPK0060","2004-06-23","39.223","-106.0011","3033.1","FAIRPLAY .10 SSE, CO US","    0",",,N","    0",",,N","    0",",,N",,
"US1COPK0060","2004-06-24","39.223","-106.0011","3033.1","FAIRPLAY .10 SSE, CO US","    0",",,N","    0",",,N","    0",",,N",,
"US1COPK0060","2004-06-25","39.223","-106.0011","3033.1","FAIRPLAY .10 SSE, CO US","   10",",,N","    0",",,N","    0",",,N",,
"US1COPK0060","2004-06-26","39.223","-106.0011","3033.1","FAIRPLAY .10 SSE, CO US","   18",",,N","    0",",,N","    0",",,N",,
"US1COPK0060","2004-06-27","39.223","-106.0011","3033.1","FAIRPLAY .10 SSE, CO US","   18",",,N","    0",",,N","    0",",,N",,
"US1COPK0060","2004-06-28","39.223","-106.0011","3033.1","FAIRPLAY .10 SSE, CO US","   43",",,N","    0",",,N","    0",",,N",,
"US1COPK0060","2004-06-29","39.223","-106.0011","3033.1","FAIRPLAY .10 SSE, CO US","  109",",,N","    0",",,N","    0",",,N",,
"US1COPK0060","2004-06-30","39.223","-106.0011","3033.1","FAIRPLAY .10 SSE, CO US","  165",",,N","    0",",,N","    0",",,N",,
"US1COPK0060","2004-07-01","39.223","-106.0011","3033.1","FAIRPLAY .10 SSE, CO US","   13",",,N","    0",",,N","    0",",,N",,
"US1COPK0060","2004-07-02","39.223","-106.0011","3033.1","FAIRPLAY .10 SSE, CO US","    0",",,N","    0",",,N","    0",",,N",,
"US1COPK0060","2004-07-03","39.223","-106.0011","3033.1","FAIRPLAY .10 SSE, CO US","    0",",,N","    0",",,N","    0",",,N",,
"US1COPK0060","2004-07-04","39.223","-106.0011","3033.1","FAIRPLAY .10 SSE, CO US","    0",",,N","    0",",,N","    0",",,N",,
"US1COPK0060","2004-07-05","39.223","-106.0011","3033.1","FAIRPLAY .10 SSE, CO US","    0",",,N","    0",",,N","    0",",,N",,
"US1COPK0060","2004-07-06","39.223","-106.0011","3033.1","FAIRPLAY .10 SSE, CO US","    8",",,N","    0",",,N","    0",",,N",,
"US1COPK0060","2004-07-07","39.223","-106.0011","3033.1","FAIRPLAY .10 SSE, CO US","    0",",,N","    0",",,N","    0",",,N",,
"US1COPK0060","2004-07-08","39.223","-106.0011","3033.1","FAIRPLAY .10 SSE, CO US","    0",",,N","    0",",,N","    0",",,N",,
"US1COPK0060","2004-07-09","39.223","-106.0011","3033.1","FAIRPLAY .10 SSE, CO US","    0",",,N","    0",",,N","    0",",,N",,
"US1COPK0060","2004-07-10","39.223","-106.0011","3033.1","FAIRPLAY .10 SSE, CO US","    0",",,N","    0",",,N","    0",",,N",,
"US1COPK0060","2004-07-11","39.223","-106.0011","3033.1","FAIRPLAY .10 SSE, CO US","   13",",,N","    0",",,N","    0",",,N",,
"US1COPK0060","2004-07-12","39.223","-106.0011","3033.1","FAIRPLAY .10 SSE, CO US","    0",",,N","    0",",,N","    0",",,N",,
"US1COPK0060","2004-07-13","39.223","-106.0011","3033.1","FAIRPLAY .10 SSE, CO US","   23",",,N","    0",",,N","    0",",,N",,
"US1COPK0060","2004-07-14","39.223","-106.0011","3033.1","FAIRPLAY .10 SSE, CO US","    0",",,N","    0",",,N","    0",",,N",,
"US1COPK0060","2004-07-15","39.223","-106.0011","3033.1","FAIRPLAY .10 SSE, CO US","  109",",,N","    0",",,N","    0",",,N",,
"US1COPK0060","2004-07-16","39.223","-106.0011","3033.1","FAIRPLAY .10 SSE, CO US","    0",",,N","    0",",,N","    0",",,N",,
"US1COPK0060","2004-07-17","39.223","-106.0011","3033.1","FAIRPLAY .10 SSE, CO US","  140",",,N","    0",",,N","    0",",,N",,
"US1COPK0060","2004-07-18","39.223","-106.0011","3033.1","FAIRPLAY .10 SSE, CO US","   97",",,N","    0",",,N","    0",",,N",,
"US1COPK0060","2004-07-19","39.223","-106.0011","3033.1","FAIRPLAY .10 SSE, CO US","  417",",,N","    0",",,N","    0",",,N",,
"US1COPK0060","2004-07-20","39.223","-106.0011","3033.1","FAIRPLAY .10 SSE, CO US","  142",",,N","    0",",,N","    0",",,N",,
"US1COPK0060","2004-07-21","39.223","-106.0011","3033.1","FAIRPLAY .10 SSE, CO US","   13",",,N","    0",",,N","    0",",,N",,
"US1COPK0060","2004-07-22","39.223","-106.0011","3033.1","FAIRPLAY .10 SSE, CO US","    8",",,N","    0",",,N","    0",",,N",,
"US1COPK0060","2004-07-23","39.223","-106.0011","3033.1","FAIRPLAY .10 SSE, CO US","   25",",,N","    0",",,N","    0",",,N",,
"US1COPK0060","2004-07-24","39.223","-106.0011","3033.1","FAIRPLAY .10 SSE, CO US","   25",",,N","    0",",,N","    0",",,N",,
"US1COPK0060","2004-07-25","39.223","-106.0011","3033.1","FAIRPLAY .10 SSE, CO US","    0","T,,N","    0",",,N","    0",",,N",,
"US1COPK0060","2004-07-26","39.223","-106.0011","3033.1","FAIRPLAY .10 SSE, CO US","    0",",,N","    0",",,N","    0",",,N",,
"US1COPK0060","2004-07-27","39.223","-106.0011","3033.1","FAIRPLAY .10 SSE, CO US","    0",",,N","    0",",,N","    0",",,N",,
"US1COPK0060","2004-07-28","39.223","-106.0011","3033.1","FAIRPLAY .10 SSE, CO US","    0",",,N","    0",",,N","    0",",,N",,
"US1COPK0060","2004-07-29","39.223","-106.0011","3033.1","FAIRPLAY .10 SSE, CO US","    0",",,N","    0",",,N","    0",",,N",,
"US1COPK0060","2004-07-30","39.223","-106.0011","3033.1","FAIRPLAY .10 SSE, CO US","    0",",,N","    0",",,N","    0",",,N",,
"US1COPK0060","2004-07-31","39.223","-106.0011","3033.1","FAIRPLAY .10 SSE, CO US","    5",",,N","    0",",,N","    0",",,N",,
"US1COPK0060","2004-08-01","39.223","-106.0011","3033.1","FAIRPLAY .10 SSE, CO US","    0",",,N","    0",",,N","    0",",,N",,
"US1COPK0060","2004-08-02","39.223","-106.0011","3033.1","FAIRPLAY .10 SSE, CO US","    0",",,N","    0",",,N","    0",",,N",,
"US1COPK0060","2004-08-03","39.223","-106.0011","3033.1","FAIRPLAY .10 SSE, CO US","   23",",,N","    0",",,N","    0",",,N",,
"US1COPK0060","2004-08-04","39.223","-106.0011","3033.1","FAIRPLAY .10 SSE, CO US","    0",",,N","    0",",,N","    0",",,N",,
"US1COPK0060","2004-08-05","39.223","-106.0011","3033.1","FAIRPLAY .10 SSE, CO US","   74",",,N","    0",",,N","    0",",,N",,
"US1COPK0060","2004-08-06","39.223","-106.0011","3033.1","FAIRPLAY .10 SSE, CO US","    3",",,N","    0",",,N","    0",",,N",,
"US1COPK0060","2004-08-07","39.223","-106.0011","3033.1","FAIRPLAY .10 SSE, CO US","    0",",,N","    0",",,N","    0",",,N",,
"US1COPK0060","2004-08-08","39.223","-106.0011","3033.1","FAIRPLAY .10 SSE, CO US","    5",",,N","    0",",,N","    0",",,N",,
"US1COPK0060","2004-08-09","39.223","-106.0011","3033.1","FAIRPLAY .10 SSE, CO US","    0",",,N","    0",",,N","    0",",,N",,
"US1COPK0060","2004-08-10","39.223","-106.0011","3033.1","FAIRPLAY .10 SSE, CO US","    0",",,N","    0",",,N","    0",",,N",,
"US1COPK0060","2004-08-11","39.223","-106.0011","3033.1","FAIRPLAY .10 SSE, CO US","    0",",,N","    0",",,N","    0",",,N",,
"US1COPK0060","2004-08-12","39.223","-106.0011","3033.1","FAIRPLAY .10 SSE, CO US","    0",",,N","    0",",,N","    0",",,N",,
"US1COPK0060","2004-08-13","39.223","-106.0011","3033.1","FAIRPLAY .10 SSE, CO US","    5",",,N","    0",",,N","    0",",,N",,
"US1COPK0060","2004-08-14","39.223","-106.0011","3033.1","FAIRPLAY .10 SSE, CO US","    0",",,N","    0",",,N","    0",",,N",,
"US1COPK0060","2004-08-15","39.223","-106.0011","3033.1","FAIRPLAY .10 SSE, CO US","    0",",,N","    0",",,N","    0",",,N",,
"US1COPK0060","2004-08-16","39.223","-106.0011","3033.1","FAIRPLAY .10 SSE, CO US","    0",",,N","    0",",,N","    0",",,N",,
"US1COPK0060","2004-08-17","39.223","-106.0011","3033.1","FAIRPLAY .10 SSE, CO US","   38",",,N","    0",",,N","    0",",,N",,
"US1COPK0060","2004-08-18","39.223","-106.0011","3033.1","FAIRPLAY .10 SSE, CO US","    3",",,N","    0",",,N","    0",",,N",,
"US1COPK0060","2004-08-19","39.223","-106.0011","3033.1","FAIRPLAY .10 SSE, CO US","  254",",,N","    0",",,N","    0",",,N",,
"US1COPK0060","2004-08-20","39.223","-106.0011","3033.1","FAIRPLAY .10 SSE, CO US","   41",",,N","    0",",,N","    0",",,N",,
"US1COPK0060","2004-08-21","39.223","-106.0011","3033.1","FAIRPLAY .10 SSE, CO US","    5",",,N","    0",",,N","    0",",,N",,
"US1COPK0060","2004-08-22","39.223","-106.0011","3033.1","FAIRPLAY .10 SSE, CO US","    0",",,N","    0",",,N","    0",",,N",,
"US1COPK0060","2004-08-23","39.223","-106.0011","3033.1","FAIRPLAY .10 SSE, CO US","   20",",,N","    0",",,N","    0",",,N",,
"US1COPK0060","2004-08-24","39.223","-106.0011","3033.1","FAIRPLAY .10 SSE, CO US","    0",",,N","    0",",,N","    0",",,N",,
"US1COPK0060","2004-08-25","39.223","-106.0011","3033.1","FAIRPLAY .10 SSE, CO US","    0",",,N","    0",",,N","    0",",,N",,
"US1COPK0060","2004-08-26","39.223","-106.0011","3033.1","FAIRPLAY .10 SSE, CO US","    0",",,N","    0",",,N","    0",",,N",,
"US1COPK0060","2004-08-27","39.223","-106.0011","3033.1","FAIRPLAY .10 SSE, CO US","    0",",,N","    0",",,N","    0",",,N",,
"US1COPK0060","2004-08-28","39.223","-106.0011","3033.1","FAIRPLAY .10 SSE, CO US","   23",",,N","    0",",,N","    0",",,N",,
"US1COPK0060","2004-08-29","39.223","-106.0011","3033.1","FAIRPLAY .10 SSE, CO US","    0",",,N","    0",",,N","    0",",,N",,
"US1COPK0060","2004-08-30","39.223","-106.0011","3033.1","FAIRPLAY .10 SSE, CO US","    0",",,N","    0",",,N","    0",",,N",,
"US1COPK0060","2004-08-31","39.223","-106.0011","3033.1","FAIRPLAY .10 SSE, CO US","    0",",,N","    0",",,N","    0",",,N",,
"US1COPK0060","2004-09-01","39.223","-106.0011","3033.1","FAIRPLAY .10 SSE, CO US","    0",",,N","    0",",,N","    0",",,N",,
"US1COPK0060","2004-09-02","39.223","-106.0011","3033.1","FAIRPLAY .10 SSE, CO US","    0",",,N","    0",",,N","    0",",,N",,
"US1COPK0060","2004-09-03","39.223","-106.0011","3033.1","FAIRPLAY .10 SSE, CO US","    0",",,N","    0",",,N","    0",",,N",,
"US1COPK0060","2004-09-04","39.223","-106.0011","3033.1","FAIRPLAY .10 SSE, CO US","    8",",,N","    0",",,N","    0",",,N",,
"US1COPK0060","2004-09-05","39.223","-106.0011","3033.1","FAIRPLAY .10 SSE, CO US","    5",",,N","    0",",,N","    0",",,N",,
"US1COPK0060","2004-09-06","39.223","-106.0011","3033.1","FAIRPLAY .10 SSE, CO US","    0",",,N","    0",",,N","    0",",,N",,
"US1COPK0060","2004-09-07","39.223","-106.0011","3033.1","FAIRPLAY .10 SSE, CO US","    0",",,N","    0",",,N","    0",",,N",,
"US1COPK0060","2004-09-08","39.223","-106.0011","3033.1","FAIRPLAY .10 SSE, CO US","    0",",,N","    0",",,N","    0",",,N",,
"US1COPK0060","2004-09-09","39.223","-106.0011","3033.1","FAIRPLAY .10 SSE, CO US","    0",",,N","    0",",,N","    0",",,N",,
"US1COPK0060","2004-09-10","39.223","-106.0011","3033.1","FAIRPLAY .10 SSE, CO US","    0",",,N","    0",",,N","    0",",,N",,
"US1COPK0060","2004-09-11","39.223","-106.0011","3033.1","FAIRPLAY .10 SSE, CO US","    5",",,N","    0",",,N","    0",",,N",,
"US1COPK0060","2004-09-12","39.223","-106.0011","3033.1","FAIRPLAY .10 SSE, CO US","    0",",,N","    0",",,N","    0",",,N",,
"US1COPK0060","2004-09-13","39.223","-106.0011","3033.1","FAIRPLAY .10 SSE, CO US","    0",",,N","    0",",,N","    0",",,N",,
"US1COPK0060","2004-09-14","39.223","-106.0011","3033.1","FAIRPLAY .10 SSE, CO US","    0",",,N","    0",",,N","    0",",,N",,
"US1COPK0060","2004-09-15","39.223","-106.0011","3033.1","FAIRPLAY .10 SSE, CO US","   10",",,N","    0",",,N","    0",",,N",,
"US1COPK0060","2004-09-16","39.223","-106.0011","3033.1","FAIRPLAY .10 SSE, CO US","    0",",,N","    0",",,N","    0",",,N",,
"US1COPK0060","2004-09-17","39.223","-106.0011","3033.1","FAIRPLAY .10 SSE, CO US","    0",",,N","    0",",,N","    0",",,N",,
"US1COPK0060","2004-09-18","39.223","-106.0011","3033.1","FAIRPLAY .10 SSE, CO US","    0",",,N","    0",",,N","    0",",,N",,
"US1COPK0060","2004-09-19","39.223","-106.0011","3033.1","FAIRPLAY .10 SSE, CO US","    0",",,N","    0",",,N","    0",",,N",,
"US1COPK0060","2004-09-20","39.223","-106.0011","3033.1","FAIRPLAY .10 SSE, CO US","   10",",,N","    0",",,N","    0",",,N",,
"US1COPK0060","2004-09-21","39.223","-106.0011","3033.1","FAIRPLAY .10 SSE, CO US","  104",",,N","    0",",,N","    0",",,N",,
"US1COPK0060","2004-09-22","39.223","-106.0011","3033.1","FAIRPLAY .10 SSE, CO US","  160",",,N","   84",",,N","   84",",,N",,
"US1COPK0060","2004-09-23","39.223","-106.0011","3033.1","FAIRPLAY .10 SSE, CO US","    8",",,N","    0",",,N","    0",",,N",,
"US1COPK0060","2004-09-24","39.223","-106.0011","3033.1","FAIRPLAY .10 SSE, CO US","    0",",,N","    0",",,N","    0",",,N",,
"US1COPK0060","2004-09-25","39.223","-106.0011","3033.1","FAIRPLAY .10 SSE, CO US","    0",",,N","    0",",,N","    0",",,N",,
"US1COPK0060","2004-09-26","39.223","-106.0011","3033.1","FAIRPLAY .10 SSE, CO US","   10",",,N","    0",",,N","    0",",,N",,
"US1COPK0060","2004-09-27","39.223","-106.0011","3033.1","FAIRPLAY .10 SSE, CO US","    0",",,N","    0",",,N","    0",",,N",,
"US1COPK0060","2004-09-28","39.223","-106.0011","3033.1","FAIRPLAY .10 SSE, CO US","   13",",,N","    0",",,N","    0",",,N",,
"US1COPK0060","2004-09-29","39.223","-106.0011","3033.1","FAIRPLAY .10 SSE, CO US","   18",",,N","    0",",,N","    0",",,N",,
"US1COPK0060","2004-09-30","39.223","-106.0011","3033.1","FAIRPLAY .10 SSE, CO US","   13",",,N","    0",",,N","    0",",,N",,
"US1COPK0060","2004-10-01","39.223","-106.0011","3033.1","FAIRPLAY .10 SSE, CO US","    0",",,N","    0",",,N","    0",",,N",,
"US1COPK0060","2004-10-02","39.223","-106.0011","3033.1","FAIRPLAY .10 SSE, CO US","   20",",,N","    0",",,N","    0",",,N",,
"US1COPK0060","2004-10-03","39.223","-106.0011","3033.1","FAIRPLAY .10 SSE, CO US","    0",",,N","    0",",,N","    0",",,N",,
"US1COPK0060","2004-10-04","39.223","-106.0011","3033.1","FAIRPLAY .10 SSE, CO US","   15",",,N","    0",",,N","    0",",,N",,
"US1COPK0060","2004-10-05","39.223","-106.0011","3033.1","FAIRPLAY .10 SSE, CO US","   10",",,N","    0",",,N","    0",",,N",,
"US1COPK0060","2004-10-06","39.223","-106.0011","3033.1","FAIRPLAY .10 SSE, CO US","    0",",,N","    0",",,N","    0",",,N",,
"US1COPK0060","2004-10-07","39.223","-106.0011","3033.1","FAIRPLAY .10 SSE, CO US","    0",",,N","    0",",,N","    0",",,N",,
"US1COPK0060","2004-10-08","39.223","-106.0011","3033.1","FAIRPLAY .10 SSE, CO US","    0",",,N","    0",",,N","    0",",,N",,
"US1COPK0060","2004-10-09","39.223","-106.0011","3033.1","FAIRPLAY .10 SSE, CO US","    0",",,N","    0",",,N","    0",",,N",,
"US1COPK0060","2004-10-10","39.223","-106.0011","3033.1","FAIRPLAY .10 SSE, CO US","    0",",,N","    0",",,N","    0",",,N",,
"US1COPK0060","2004-10-11","39.223","-106.0011","3033.1","FAIRPLAY .10 SSE, CO US","    0",",,N","    0",",,N","    0",",,N",,
"US1COPK0060","2004-10-12","39.223","-106.0011","3033.1","FAIRPLAY .10 SSE, CO US","    0",",,N","    0",",,N","    0",",,N",,
"US1COPK0060","2004-10-13","39.223","-106.0011","3033.1","FAIRPLAY .10 SSE, CO US","   51",",,N","    0",",,N","    0",",,N",,
"US1COPK0060","2004-10-14","39.223","-106.0011","3033.1","FAIRPLAY .10 SSE, CO US","    0",",,N","    0",",,N","    0",",,N",,
"US1COPK0060","2004-10-15","39.223","-106.0011","3033.1","FAIRPLAY .10 SSE, CO US","    0",",,N","    0",",,N","    0",",,N",,
"US1COPK0060","2004-10-16","39.223","-106.0011","3033.1","FAIRPLAY .10 SSE, CO US","    0",",,N","    0",",,N","    0",",,N",,
"US1COPK0060","2004-10-17","39.223","-106.0011","3033.1","FAIRPLAY .10 SSE, CO US","    0",",,N","    0",",,N","    0",",,N",,
"US1COPK0060","2004-10-18","39.223","-106.0011","3033.1","FAIRPLAY .10 SSE, CO US","    0",",,N","    0",",,N","    0",",,N",,
"US1COPK0060","2004-10-19","39.223","-106.0011","3033.1","FAIRPLAY .10 SSE, CO US","    0",",,N","    0",",,N","    0",",,N",,
"US1COPK0060","2004-10-20","39.223","-106.0011","3033.1","FAIRPLAY .10 SSE, CO US","    0",",,N","    0",",,N","    0",",,N",,
"US1COPK0060","2004-10-21","39.223","-106.0011","3033.1","FAIRPLAY .10 SSE, CO US","    0",",,N","    0",",,N","    0",",,N",,
"US1COPK0060","2004-10-22","39.223","-106.0011","3033.1","FAIRPLAY .10 SSE, CO US","    3",",,N","    0",",,N","    0",",,N",,
"US1COPK0060","2004-10-23","39.223","-106.0011","3033.1","FAIRPLAY .10 SSE, CO US","    0",",,N","    0",",,N","    0",",,N",,
"US1COPK0060","2004-10-24","39.223","-106.0011","3033.1","FAIRPLAY .10 SSE, CO US","    0",",,N","    0",",,N","    0",",,N",,
"US1COPK0060","2004-10-25","39.223","-106.0011","3033.1","FAIRPLAY .10 SSE, CO US","    0",",,N","    0",",,N","    0",",,N",,
"US1COPK0060","2004-10-26","39.223","-106.0011","3033.1","FAIRPLAY .10 SSE, CO US","    0",",,N","    0",",,N","    0",",,N",,
"US1COPK0060","2004-10-27","39.223","-106.0011","3033.1","FAIRPLAY .10 SSE, CO US","    0",",,N","    0",",,N","    0",",,N",,
"US1COPK0060","2004-10-28","39.223","-106.0011","3033.1","FAIRPLAY .10 SSE, CO US","    0",",,N","    0",",,N","    0",",,N",,
"US1COPK0060","2004-10-29","39.223","-106.0011","3033.1","FAIRPLAY .10 SSE, CO US","   13",",,N","    0",",,N","    0",",,N",,
"US1COPK0060","2004-10-30","39.223","-106.0011","3033.1","FAIRPLAY .10 SSE, CO US","    0",",,N","    0",",,N","    0",",,N",,
"US1COPK0060","2004-10-31","39.223","-106.0011","3033.1","FAIRPLAY .10 SSE, CO US","    0",",,N","    0",",,N","    0",",,N",,
"US1COPK0060","2004-11-01","39.223","-106.0011","3033.1","FAIRPLAY .10 SSE, CO US","    5",",,N","    0",",,N","    0",",,N",,
"US1COPK0060","2004-11-02","39.223","-106.0011","3033.1","FAIRPLAY .10 SSE, CO US","    0",",,N","    0",",,N","    0",",,N",,
"US1COPK0060","2004-11-03","39.223","-106.0011","3033.1","FAIRPLAY .10 SSE, CO US","    0",",,N","    0",",,N","    0",",,N",,
"US1COPK0060","2004-11-04","39.223","-106.0011","3033.1","FAIRPLAY .10 SSE, CO US","    0",",,N","    0",",,N","    0",",,N",,
"US1COPK0060","2004-11-05","39.223","-106.0011","3033.1","FAIRPLAY .10 SSE, CO US","    0",",,N","    0",",,N","    0",",,N",,
"US1COPK0060","2004-11-06","39.223","-106.0011","3033.1","FAIRPLAY .10 SSE, CO US","    0",",,N","    0",",,N","    0",",,N",,
"US1COPK0060","2004-11-07","39.223","-106.0011","3033.1","FAIRPLAY .10 SSE, CO US","    0",",,N","    0",",,N","    0",",,N",,
"US1COPK0060","2004-11-08","39.223","-106.0011","3033.1","FAIRPLAY .10 SSE, CO US","    0",",,N","    0",",,N","    0",",,N",,
"US1COPK0060","2004-11-09","39.223","-106.0011","3033.1","FAIRPLAY .10 SSE, CO US","    0",",,N","    0",",,N","    0",",,N",,
"US1COPK0060","2004-11-10","39.223","-106.0011","3033.1","FAIRPLAY .10 SSE, CO US","   15",",,N","    0",",,N","    0",",,N",,
"US1COPK0060","2004-11-11","39.223","-106.0011","3033.1","FAIRPLAY .10 SSE, CO US","   15",",,N","    0",",,N","    0",",,N",,
"US1COPK0060","2004-11-12","39.223","-106.0011","3033.1","FAIRPLAY .10 SSE, CO US","    3",",,N","    0",",,N","    0",",,N",,
"US1COPK0060","2004-11-13","39.223","-106.0011","3033.1","FAIRPLAY .10 SSE, CO US","   38",",,N","    0",",,N","    0",",,N",,
"US1COPK0060","2004-11-14","39.223","-106.0011","3033.1","FAIRPLAY .10 SSE, CO US","   13",",,N","    0",",,N","    0",",,N",,
"US1COPK0060","2004-11-15","39.223","-106.0011","3033.1","FAIRPLAY .10 SSE, CO US","    0",",,N","    0",",,N","    0",",,N",,
"US1COPK0060","2004-11-16","39.223","-106.0011","3033.1","FAIRPLAY .10 SSE, CO US","    0",",,N","    0",",,N","    0",",,N",,
"US1COPK0060","2004-11-17","39.223","-106.0011","3033.1","FAIRPLAY .10 SSE, CO US","    0",",,N","    0",",,N","    0",",,N",,
"US1COPK0060","2004-11-18","39.223","-106.0011","3033.1","FAIRPLAY .10 SSE, CO US","    0",",,N","    0",",,N","    0",",,N",,
"US1COPK0060","2004-11-19","39.223","-106.0011","3033.1","FAIRPLAY .10 SSE, CO US","   10",",,N","    0",",,N","    0",",,N",,
"US1COPK0060","2004-11-20","39.223","-106.0011","3033.1","FAIRPLAY .10 SSE, CO US","    5",",,N","    0",",,N","    0",",,N",,
"US1COPK0060","2004-11-21","39.223","-106.0011","3033.1","FAIRPLAY .10 SSE, CO US","   97",",,N","  145",",,N","    0",",,N",,
"US1COPK0060","2004-11-22","39.223","-106.0011","3033.1","FAIRPLAY .10 SSE, CO US","    0",",,N","    0",",,N","    0",",,N",,
"US1COPK0060","2004-11-23","39.223","-106.0011","3033.1","FAIRPLAY .10 SSE, CO US","    3",",,N","    0",",,N","    0",",,N",,
"US1COPK0060","2004-11-24","39.223","-106.0011","3033.1","FAIRPLAY .10 SSE, CO US","    3",",,N","    0",",,N","    0",",,N",,
"US1COPK0060","2004-11-25","39.223","-106.0011","3033.1","FAIRPLAY .10 SSE, CO US","    3",",,N","    0",",,N","    0",",,N",,
"US1COPK0060","2004-11-26","39.223","-106.0011","3033.1","FAIRPLAY .10 SSE, CO US","    0",",,N","    0",",,N","    0",",,N",,
"US1COPK0060","2004-11-27","39.223","-106.0011","3033.1","FAIRPLAY .10 SSE, CO US","   15",",,N","    0",",,N","    0",",,N",,
"US1COPK0060","2004-11-28","39.223","-106.0011","3033.1","FAIRPLAY .10 SSE, CO US","   99",",,N","    0",",,N","    0",",,N",,
"US1COPK0060","2004-11-29","39.223","-106.0011","3033.1","FAIRPLAY .10 SSE, CO US","   18",",,N","    0",",,N","    0",",,N",,
"US1COPK0060","2004-11-30","39.223","-106.0011","3033.1","FAIRPLAY .10 SSE, CO US","    0",",,N","    0",",,N","    0",",,N",,
"US1COPK0060","2004-12-01","39.223","-106.0011","3033.1","FAIRPLAY .10 SSE, CO US","    0",",,N","    0",",,N","    0",",,N",,
"US1COPK0060","2004-12-02","39.223","-106.0011","3033.1","FAIRPLAY .10 SSE, CO US","    0",",,N","    0",",,N","    0",",,N",,
"US1COPK0060","2004-12-03","39.223","-106.0011","3033.1","FAIRPLAY .10 SSE, CO US","    0",",,N","    0",",,N","    0",",,N",,
"US1COPK0060","2004-12-04","39.223","-106.0011","3033.1","FAIRPLAY .10 SSE, CO US","    0",",,N","    0",",,N","    0",",,N",,
"US1COPK0060","2004-12-05","39.223","-106.0011","3033.1","FAIRPLAY .10 SSE, CO US","    0","T,,N","    0",",,N","    0",",,N",,
"US1COPK0060","2004-12-06","39.223","-106.0011","3033.1","FAIRPLAY .10 SSE, CO US","    0",",,N","    0",",,N","    0",",,N",,
"US1COPK0060","2004-12-07","39.223","-106.0011","3033.1","FAIRPLAY .10 SSE, CO US","    0",",,N","    0",",,N","    0",",,N",,
"US1COPK0060","2004-12-08","39.223","-106.0011","3033.1","FAIRPLAY .10 SSE, CO US","    0",",,N","    0",",,N","    0",",,N",,
"US1COPK0060","2004-12-09","39.223","-106.0011","3033.1","FAIRPLAY .10 SSE, CO US","    5",",,N","    0",",,N","    0",",,N",,
"US1COPK0060","2004-12-10","39.223","-106.0011","3033.1","FAIRPLAY .10 SSE, CO US","    0","T,,N","    0",",,N","    0",",,N",,
"US1COPK0060","2004-12-11","39.223","-106.0011","3033.1","FAIRPLAY .10 SSE, CO US","    0",",,N","    0",",,N","    0",",,N",,
"US1COPK0060","2004-12-12","39.223","-106.0011","3033.1","FAIRPLAY .10 SSE, CO US","    0",",,N","    0",",,N","    0",",,N",,
"US1COPK0060","2004-12-13","39.223","-106.0011","3033.1","FAIRPLAY .10 SSE, CO US","    0",",,N","    0",",,N","    0",",,N",,
"US1COPK0060","2005-01-01","39.223","-106.0011","3033.1","FAIRPLAY .10 SSE, CO US","    0",",,N","    0",",,N","    0",",,N",,
"US1COPK0060","2005-01-02","39.223","-106.0011","3033.1","FAIRPLAY .10 SSE, CO US","    0",",,N","    0",",,N","    0",",,N",,
"US1COPK0060","2005-01-03","39.223","-106.0011","3033.1","FAIRPLAY .10 SSE, CO US","    0",",,N","    0",",,N","    0",",,N",,
"US1COPK0060","2005-01-04","39.223","-106.0011","3033.1","FAIRPLAY .10 SSE, CO US","   30",",,N","    0",",,N","    0",",,N",,
"US1COPK0060","2005-01-05","39.223","-106.0011","3033.1","FAIRPLAY .10 SSE, CO US","   56",",,N","    0",",,N","    0",",,N",,
"US1COPK0060","2005-01-06","39.223","-106.0011","3033.1","FAIRPLAY .10 SSE, CO US","    0",",,N","    0",",,N","    0",",,N",,
"US1COPK0060","2005-01-07","39.223","-106.0011","3033.1","FAIRPLAY .10 SSE, CO US","    3",",,N","    0",",,N","    0",",,N",,
"US1COPK0060","2005-01-08","39.223","-106.0011","3033.1","FAIRPLAY .10 SSE, CO US","    0",",,N","    0",",,N","    0",",,N",,
"US1COPK0060","2005-01-09","39.223","-106.0011","3033.1","FAIRPLAY .10 SSE, CO US","   13",",,N","    0",",,N","    0",",,N",,
"US1COPK0060","2005-01-10","39.223","-106.0011","3033.1","FAIRPLAY .10 SSE, CO US","    0",",,N","    0",",,N","    0",",,N",,
"US1COPK0060","2005-01-11","39.223","-106.0011","3033.1","FAIRPLAY .10 SSE, CO US","    0",",,N","    0",",,N","    0",",,N",,
"US1COPK0060","2005-01-12","39.223","-106.0011","3033.1","FAIRPLAY .10 SSE, CO US","   36",",,N","    0",",,N","    0",",,N",,
"US1COPK0060","2005-01-13","39.223","-106.0011","3033.1","FAIRPLAY .10 SSE, CO US","    8",",,N","    0",",,N","    0",",,N",,
"US1COPK0060","2005-01-14","39.223","-106.0011","3033.1","FAIRPLAY .10 SSE, CO US","    0",",,N","    0",",,N","    0",",,N",,
"US1COPK0060","2005-01-15","39.223","-106.0011","3033.1","FAIRPLAY .10 SSE, CO US","    0",",,N","    0",",,N","    0",",,N",,
"US1COPK0060","2005-01-16","39.223","-106.0011","3033.1","FAIRPLAY .10 SSE, CO US","    0",",,N","    0",",,N","    0",",,N",,
"US1COPK0060","2005-01-17","39.223","-106.0011","3033.1","FAIRPLAY .10 SSE, CO US","    0",",,N","    0",",,N","    0",",,N",,
"US1COPK0060","2005-01-18","39.223","-106.0011","3033.1","FAIRPLAY .10 SSE, CO US","    0",",,N","    0",",,N","    0",",,N",,
"US1COPK0060","2005-01-19","39.223","-106.0011","3033.1","FAIRPLAY .10 SSE, CO US","    0",",,N","    0",",,N","    0",",,N",,
"US1COPK0060","2005-01-20","39.223","-106.0011","3033.1","FAIRPLAY .10 SSE, CO US","    0",",,N","    0",",,N","    0",",,N",,
"US1COPK0060","2005-01-21","39.223","-106.0011","3033.1","FAIRPLAY .10 SSE, CO US","    0",",,N","    0",",,N","    0",",,N",,
"US1COPK0060","2005-01-22","39.223","-106.0011","3033.1","FAIRPLAY .10 SSE, CO US","    0",",,N","    0",",,N","    0",",,N",,
"US1COPK0060","2005-01-23","39.223","-106.0011","3033.1","FAIRPLAY .10 SSE, CO US","    0",",,N","    0",",,N","    0",",,N",,
"US1COPK0060","2005-01-24","39.223","-106.0011","3033.1","FAIRPLAY .10 SSE, CO US","    0",",,N","    0",",,N","    0",",,N",,
"US1COPK0060","2005-01-25","39.223","-106.0011","3033.1","FAIRPLAY .10 SSE, CO US","    0",",,N","    0",",,N","    0",",,N",,
"US1COPK0060","2005-01-26","39.223","-106.0011","3033.1","FAIRPLAY .10 SSE, CO US","    0",",,N","    0",",,N","    0",",,N",,
"US1COPK0060","2005-01-27","39.223","-106.0011","3033.1","FAIRPLAY .10 SSE, CO US","    5",",,N","    0",",,N","    0",",,N",,
"US1COPK0060","2005-01-28","39.223","-106.0011","3033.1","FAIRPLAY .10 SSE, CO US","    0",",,N","    0",",,N","    0",",,N",,
"US1COPK0060","2005-01-29","39.223","-106.0011","3033.1","FAIRPLAY .10 SSE, CO US","    0",",,N","    0",",,N","    0",",,N",,
"US1COPK0060","2005-01-30","39.223","-106.0011","3033.1","FAIRPLAY .10 SSE, CO US","   76",",,N","   89",",,N","    0",",,N",,
"US1COPK0060","2005-01-31","39.223","-106.0011","3033.1","FAIRPLAY .10 SSE, CO US","   46",",,N","    0",",,N","    0",",,N",,
"US1COPK0060","2005-02-01","39.223","-106.0011","3033.1","FAIRPLAY .10 SSE, CO US","    0",",,N","    0",",,N","    0",",,N",,
"US1COPK0060","2005-02-02","39.223","-106.0011","3033.1","FAIRPLAY .10 SSE, CO US","    0","T,,N","    0",",,N","    0",",,N",,
"US1COPK0060","2005-02-03","39.223","-106.0011","3033.1","FAIRPLAY .10 SSE, CO US","    0",",,N","    0",",,N","    0",",,N",,
"US1COPK0060","2005-02-04","39.223","-106.0011","3033.1","FAIRPLAY .10 SSE, CO US","    0",",,N","    0",",,N","    0",",,N",,
"US1COPK0060","2005-02-05","39.223","-106.0011","3033.1","FAIRPLAY .10 SSE, CO US","    0",",,N","    0",",,N","    0",",,N",,
"US1COPK0060","2005-02-06","39.223","-106.0011","3033.1","FAIRPLAY .10 SSE, CO US","    0",",,N","    0",",,N","    0",",,N",,
"US1COPK0060","2005-02-07","39.223","-106.0011","3033.1","FAIRPLAY .10 SSE, CO US","    0",",,N","    0",",,N","    0",",,N",,
"US1COPK0060","2005-02-08","39.223","-106.0011","3033.1","FAIRPLAY .10 SSE, CO US","    8",",,N","    0",",,N","    0",",,N",,
"US1COPK0060","2005-02-09","39.223","-106.0011","3033.1","FAIRPLAY .10 SSE, CO US","    0",",,N","    0",",,N","    0",",,N",,
"US1COPK0060","2005-02-10","39.223","-106.0011","3033.1","FAIRPLAY .10 SSE, CO US","    0",",,N","    0",",,N","    0",",,N",,
"US1COPK0060","2005-02-11","39.223","-106.0011","3033.1","FAIRPLAY .10 SSE, CO US","    0",",,N","    0",",,N","    0",",,N",,
"US1COPK0060","2005-02-12","39.223","-106.0011","3033.1","FAIRPLAY .10 SSE, CO US","    0",",,N","    0",",,N","    0",",,N",,
"US1COPK0060","2005-02-13","39.223","-106.0011","3033.1","FAIRPLAY .10 SSE, CO US","    8",",,N","    0",",,N","    0",",,N",,
"US1COPK0060","2005-02-14","39.223","-106.0011","3033.1","FAIRPLAY .10 SSE, CO US","    0",",,N","    0",",,N","    0",",,N",,
"US1COPK0060","2005-02-15","39.223","-106.0011","3033.1","FAIRPLAY .10 SSE, CO US","    0",",,N","    0",",,N","    0",",,N",,
"US1COPK0060","2005-02-16","39.223","-106.0011","3033.1","FAIRPLAY .10 SSE, CO US","    5",",,N","    0",",,N","    0",",,N",,
"US1COPK0060","2005-02-17","39.223","-106.0011","3033.1","FAIRPLAY .10 SSE, CO US","   10",",,N","    0",",,N","    0",",,N",,
"US1COPK0060","2005-02-18","39.223","-106.0011","3033.1","FAIRPLAY .10 SSE, CO US","    0",",,N","    0",",,N","    0",",,N",,
"US1COPK0060","2005-02-19","39.223","-106.0011","3033.1","FAIRPLAY .10 SSE, CO US","    0",",,N","    0",",,N","    0",",,N",,
"US1COPK0060","2005-02-20","39.223","-106.0011","3033.1","FAIRPLAY .10 SSE, CO US","    5",",,N","    0",",,N","    0",",,N",,
"US1COPK0060","2005-02-21","39.223","-106.0011","3033.1","FAIRPLAY .10 SSE, CO US","    8",",,N","    0",",,N","    0",",,N",,
"US1COPK0060","2005-02-22","39.223","-106.0011","3033.1","FAIRPLAY .10 SSE, CO US","    0",",,N","    0",",,N","    0",",,N",,
"US1COPK0060","2005-02-23","39.223","-106.0011","3033.1","FAIRPLAY .10 SSE, CO US","    0","T,,N","    0",",,N","    0",",,N",,
"US1COPK0060","2005-02-24","39.223","-106.0011","3033.1","FAIRPLAY .10 SSE, CO US","    5",",,N","    0",",,N","    0",",,N",,
"US1COPK0060","2005-02-25","39.223","-106.0011","3033.1","FAIRPLAY .10 SSE, CO US","    0",",,N","    0",",,N","    0",",,N",,
"US1COPK0060","2005-02-26","39.223","-106.0011","3033.1","FAIRPLAY .10 SSE, CO US","    5",",,N","    0",",,N","    0",",,N",,
"US1COPK0060","2005-02-27","39.223","-106.0011","3033.1","FAIRPLAY .10 SSE, CO US","    8",",,N","    0",",,N","    0",",,N",,
"US1COPK0060","2005-02-28","39.223","-106.0011","3033.1","FAIRPLAY .10 SSE, CO US","    0",",,N","    0",",,N","    0",",,N",,
"US1COPK0060","2005-03-01","39.223","-106.0011","3033.1","FAIRPLAY .10 SSE, CO US","    0",",,N","    0",",,N","    0",",,N",,
"US1COPK0060","2005-03-02","39.223","-106.0011","3033.1","FAIRPLAY .10 SSE, CO US","    5",",,N","    0",",,N","    0",",,N",,
"US1COPK0060","2005-03-03","39.223","-106.0011","3033.1","FAIRPLAY .10 SSE, CO US","    0",",,N","    0",",,N","    0",",,N",,
"US1COPK0060","2005-03-04","39.223","-106.0011","3033.1","FAIRPLAY .10 SSE, CO US","    0",",,N","    0",",,N","    0",",,N",,
"US1COPK0060","2005-03-05","39.223","-106.0011","3033.1","FAIRPLAY .10 SSE, CO US","    0",",,N","    0",",,N","    0",",,N",,
"US1COPK0060","2005-03-06","39.223","-106.0011","3033.1","FAIRPLAY .10 SSE, CO US","    0",",,N","    0",",,N","    0",",,N",,
"US1COPK0060","2005-03-07","39.223","-106.0011","3033.1","FAIRPLAY .10 SSE, CO US","    0",",,N","    0",",,N","    0",",,N",,
"US1COPK0060","2005-03-08","39.223","-106.0011","3033.1","FAIRPLAY .10 SSE, CO US","    0",",,N","    0",",,N","    0",",,N",,
"US1COPK0060","2005-03-09","39.223","-106.0011","3033.1","FAIRPLAY .10 SSE, CO US","    5",",,N","    0",",,N","    0",",,N",,
"US1COPK0060","2005-03-10","39.223","-106.0011","3033.1","FAIRPLAY .10 SSE, CO US","    0",",,N","    0",",,N","    0",",,N",,
"US1COPK0060","2005-03-11","39.223","-106.0011","3033.1","FAIRPLAY .10 SSE, CO US","    0",",,N","    0",",,N","    0",",,N",,
"US1COPK0060","2005-03-12","39.223","-106.0011","3033.1","FAIRPLAY .10 SSE, CO US","    0",",,N","    0",",,N","    0",",,N",,
"US1COPK0060","2005-03-13","39.223","-106.0011","3033.1","FAIRPLAY .10 SSE, CO US","    0",",,N","    0",",,N","    0",",,N",,
"US1COPK0060","2005-03-14","39.223","-106.0011","3033.1","FAIRPLAY .10 SSE, CO US","   76",",,N","  183",",,N","  183",",,N",,
"US1COPK0060","2005-03-16","39.223","-106.0011","3033.1","FAIRPLAY .10 SSE, CO US","    0",",,N","    0",",,N","    0",",,N",,
"US1COPK0060","2005-03-17","39.223","-106.0011","3033.1","FAIRPLAY .10 SSE, CO US","    0",",,N","    0",",,N","    0",",,N",,
"US1COPK0060","2005-03-26","39.223","-106.0011","3033.1","FAIRPLAY .10 SSE, CO US","   91",",,N","  137",",,N","  137",",,N",,
"US1COPK0060","2005-04-02","39.223","-106.0011","3033.1","FAIRPLAY .10 SSE, CO US","    0",",,N","    0",",,N","    0",",,N",,
"US1COPK0060","2005-04-03","39.223","-106.0011","3033.1","FAIRPLAY .10 SSE, CO US","    0",",,N","    0",",,N","    0",",,N",,
"US1COPK0060","2005-04-04","39.223","-106.0011","3033.1","FAIRPLAY .10 SSE, CO US","    0",",,N","    0",",,N","    0",",,N",,
"US1COPK0060","2005-04-05","39.223","-106.0011","3033.1","FAIRPLAY .10 SSE, CO US","    0",",,N","    0",",,N","    0",",,N",,
"US1COPK0060","2005-04-06","39.223","-106.0011","3033.1","FAIRPLAY .10 SSE, CO US","    0",",,N","    0",",,N","    0",",,N",,
"US1COPK0060","2005-04-07","39.223","-106.0011","3033.1","FAIRPLAY .10 SSE, CO US","    0",",,N","    0",",,N","    0",",,N",,
"US1COPK0060","2005-04-08","39.223","-106.0011","3033.1","FAIRPLAY .10 SSE, CO US","    0",",,N","    0",",,N","    0",",,N",,
"US1COPK0060","2005-04-10","39.223","-106.0011","3033.1","FAIRPLAY .10 SSE, CO US","    0",",,N","    0",",,N","    0",",,N",,
"US1COPK0060","2005-04-25","39.223","-106.0011","3033.1","FAIRPLAY .10 SSE, CO US","  119",",,N","   76",",,N","   76",",,N","    0",",,N"
"US1COPK0060","2005-05-01","39.223","-106.0011","3033.1","FAIRPLAY .10 SSE, CO US","    0",",,N","    0",",,N","    0",",,N",,
"US1COPK0060","2005-05-02","39.223","-106.0011","3033.1","FAIRPLAY .10 SSE, CO US","   61",",,N","    2",",,N","    2",",,N",,
"US1COPK0060","2005-05-03","39.223","-106.0011","3033.1","FAIRPLAY .10 SSE, CO US","    3",",,N","    0",",,N","    0",",,N",,
"US1COPK0060","2005-05-04","39.223","-106.0011","3033.1","FAIRPLAY .10 SSE, CO US","    0",",,N","    0",",,N","    0",",,N",,
"US1COPK0060","2005-05-05","39.223","-106.0011","3033.1","FAIRPLAY .10 SSE, CO US","    0",",,N","    0",",,N","    0",",,N",,
"US1COPK0060","2005-05-06","39.223","-106.0011","3033.1","FAIRPLAY .10 SSE, CO US","   23",",,N","    1",",,N","    1",",,N","    0",",,N"
"US1COPK0060","2005-05-07","39.223","-106.0011","3033.1","FAIRPLAY .10 SSE, CO US","    3",",,N","    0",",,N","    0",",,N",,
"US1COPK0060","2005-05-08","39.223","-106.0011","3033.1","FAIRPLAY .10 SSE, CO US","   18",",,N","    1",",,N","    1",",,N",,
"US1COPK0060","2005-05-30","39.223","-106.0011","3033.1","FAIRPLAY .10 SSE, CO US","   89",",,N","    0",",,N","    0",",,N",,
"US1COPK0060","2005-05-31","39.223","-106.0011","3033.1","FAIRPLAY .10 SSE, CO US","    8",",,N","    0",",,N","    0",",,N",,
"US1COPK0060","2005-06-10","39.223","-106.0011","3033.1","FAIRPLAY .10 SSE, CO US","   18",",,N","    0",",,N","    0",",,N",,
"US1COPK0060","2005-06-11","39.223","-106.0011","3033.1","FAIRPLAY .10 SSE, CO US","   79",",,N","    0",",,N","    0",",,N",,
"US1COPK0060","2005-06-13","39.223","-106.0011","3033.1","FAIRPLAY .10 SSE, CO US","   28",",,N","   51",",,N",,,,
"US1COPK0060","2005-08-04","39.223","-106.0011","3033.1","FAIRPLAY .10 SSE, CO US","  226",",,N","    0",",,N",,,,
"US1COPK0060","2005-08-05","39.223","-106.0011","3033.1","FAIRPLAY .10 SSE, CO US","   97",",,N","    0",",,N",,,,
"US1COPK0060","2005-08-06","39.223","-106.0011","3033.1","FAIRPLAY .10 SSE, CO US","   56",",,N","    0",",,N","    0",",,N",,
"US1COPK0060","2005-08-07","39.223","-106.0011","3033.1","FAIRPLAY .10 SSE, CO US","   20",",,N","    0",",,N","    0",",,N",,
"US1COPK0060","2005-08-08","39.223","-106.0011","3033.1","FAIRPLAY .10 SSE, CO US","    0",",,N","    0",",,N","    0",",,N",,
"US1COPK0060","2005-08-09","39.223","-106.0011","3033.1","FAIRPLAY .10 SSE, CO US","    0",",,N","    0",",,N",,,,
"US1COPK0060","2005-08-10","39.223","-106.0011","3033.1","FAIRPLAY .10 SSE, CO US","   23",",,N","    0",",,N",,,,
"US1COPK0060","2005-08-13","39.223","-106.0011","3033.1","FAIRPLAY .10 SSE, CO US","    8",",,N","    0",",,N",,,,
"US1COPK0060","2005-08-14","39.223","-106.0011","3033.1","FAIRPLAY .10 SSE, CO US","    0",",,N","    0",",,N",,,,
"US1COPK0060","2005-08-15","39.223","-106.0011","3033.1","FAIRPLAY .10 SSE, CO US","   20",",,N","    0",",,N",,,,
"US1COPK0060","2005-08-16","39.223","-106.0011","3033.1","FAIRPLAY .10 SSE, CO US","    0",",,N","    0",",,N",,,,
"US1COPK0060","2005-08-17","39.223","-106.0011","3033.1","FAIRPLAY .10 SSE, CO US","   15",",,N","    0",",,N",,,,
"US1COPK0060","2005-08-18","39.223","-106.0011","3033.1","FAIRPLAY .10 SSE, CO US","    0",",,N","    0",",,N",,,,
"US1COPK0060","2005-08-19","39.223","-106.0011","3033.1","FAIRPLAY .10 SSE, CO US","    0",",,N","    0",",,N",,,,
"US1COPK0060","2005-08-20","39.223","-106.0011","3033.1","FAIRPLAY .10 SSE, CO US","    0",",,N","    0",",,N",,,,
"US1COPK0060","2005-08-21","39.223","-106.0011","3033.1","FAIRPLAY .10 SSE, CO US","    0",",,N","    0",",,N",,,,
"US1COPK0060","2005-08-22","39.223","-106.0011","3033.1","FAIRPLAY .10 SSE, CO US","    8",",,N","    0",",,N",,,,
"US1COPK0060","2005-08-23","39.223","-106.0011","3033.1","FAIRPLAY .10 SSE, CO US","    0",",,N","    0",",,N",,,,
"US1COPK0060","2005-08-24","39.223","-106.0011","3033.1","FAIRPLAY .10 SSE, CO US","    0",",,N","    0",",,N",,,,
"US1COPK0060","2005-08-25","39.223","-106.0011","3033.1","FAIRPLAY .10 SSE, CO US","    0",",,N","    0",",,N",,,,
"US1COPK0060","2005-09-01","39.223","-106.0011","3033.1","FAIRPLAY .10 SSE, CO US","    0",",,N","    0",",,N",,,,
"US1COPK0060","2005-09-02","39.223","-106.0011","3033.1","FAIRPLAY .10 SSE, CO US","    0",",,N","    0",",,N",,,,
"US1COPK0060","2005-09-03","39.223","-106.0011","3033.1","FAIRPLAY .10 SSE, CO US","    0",",,N","    0",",,N",,,,
"US1COPK0060","2005-09-04","39.223","-106.0011","3033.1","FAIRPLAY .10 SSE, CO US","    0",",,N","    0",",,N",,,,
"US1COPK0060","2005-09-05","39.223","-106.0011","3033.1","FAIRPLAY .10 SSE, CO US","    0",",,N","    0",",,N",,,,
"US1COPK0060","2005-09-06","39.223","-106.0011","3033.1","FAIRPLAY .10 SSE, CO US","   23",",,N","    0",",,N",,,,
"US1COPK0060","2005-09-07","39.223","-106.0011","3033.1","FAIRPLAY .10 SSE, CO US","    0",",,N","    0",",,N",,,,
"US1COPK0060","2005-09-08","39.223","-106.0011","3033.1","FAIRPLAY .10 SSE, CO US","   58",",,N","    0",",,N",,,,
"US1COPK0060","2005-09-09","39.223","-106.0011","3033.1","FAIRPLAY .10 SSE, CO US","   53",",,N","    0",",,N",,,,
"US1COPK0060","2005-09-10","39.223","-106.0011","3033.1","FAIRPLAY .10 SSE, CO US","    0",",,N","    0",",,N",,,,
"US1COPK0060","2005-09-11","39.223","-106.0011","3033.1","FAIRPLAY .10 SSE, CO US","    0",",,N","    0",",,N",,,,
"US1COPK0060","2005-09-12","39.223","-106.0011","3033.1","FAIRPLAY .10 SSE, CO US","    0",",,N","    0",",,N",,,,
"US1COPK0060","2005-09-13","39.223","-106.0011","3033.1","FAIRPLAY .10 SSE, CO US","    0",",,N","    0",",,N",,,,
"US1COPK0060","2005-09-14","39.223","-106.0011","3033.1","FAIRPLAY .10 SSE, CO US","    0",",,N","    0",",,N",,,,
"US1COPK0060","2005-09-15","39.223","-106.0011","3033.1","FAIRPLAY .10 SSE, CO US","    0",",,N","    0",",,N",,,,
"US1COPK0060","2005-09-16","39.223","-106.0011","3033.1","FAIRPLAY .10 SSE, CO US","    0",",,N","    0",",,N",,,,
"US1COPK0060","2005-09-17","39.223","-106.0011","3033.1","FAIRPLAY .10 SSE, CO US","    0",",,N","    0",",,N",,,,
"US1COPK0060","2005-09-18","39.223","-106.0011","3033.1","FAIRPLAY .10 SSE, CO US","    0",",,N","    0",",,N",,,,
"US1COPK0060","2005-09-19","39.223","-106.0011","3033.1","FAIRPLAY .10 SSE, CO US","    0",",,N","    0",",,N",,,,
"US1COPK0060","2005-09-20","39.223","-106.0011","3033.1","FAIRPLAY .10 SSE, CO US","    0",",,N","    0",",,N",,,,
"US1COPK0060","2005-09-21","39.223","-106.0011","3033.1","FAIRPLAY .10 SSE, CO US","    0",",,N","    0",",,N",,,,
"US1COPK0060","2005-09-22","39.223","-106.0011","3033.1","FAIRPLAY .10 SSE, CO US","   41",",,N","    0",",,N",,,,
"US1COPK0060","2005-09-23","39.223","-106.0011","3033.1","FAIRPLAY .10 SSE, CO US","    0",",,N","    0",",,N",,,,
"US1COPK0060","2005-09-24","39.223","-106.0011","3033.1","FAIRPLAY .10 SSE, CO US","    0",",,N","    0",",,N",,,,
"US1COPK0060","2005-09-25","39.223","-106.0011","3033.1","FAIRPLAY .10 SSE, CO US","    0",",,N","    0",",,N",,,,
"US1COPK0060","2005-09-26","39.223","-106.0011","3033.1","FAIRPLAY .10 SSE, CO US","    0",",,N","    0",",,N",,,,
"US1COPK0060","2005-09-27","39.223","-106.0011","3033.1","FAIRPLAY .10 SSE, CO US","    0",",,N","    0",",,N",,,,
"US1COPK0060","2005-09-28","39.223","-106.0011","3033.1","FAIRPLAY .10 SSE, CO US","  160",",,N","    0",",,N",,,,
"US1COPK0060","2005-09-29","39.223","-106.0011","3033.1","FAIRPLAY .10 SSE, CO US","    0",",,N","    0",",,N",,,,
"US1COPK0060","2005-09-30","39.223","-106.0011","3033.1","FAIRPLAY .10 SSE, CO US","    0",",,N","    0",",,N",,,,
"US1COPK0060","2005-10-10","39.223","-106.0011","3033.1","FAIRPLAY .10 SSE, CO US","  175",",,N","  330",",,N","  330",",,N",,
"US1COPK0060","2005-11-04","39.223","-106.0011","3033.1","FAIRPLAY .10 SSE, CO US","    0",",,N","    0",",,N",,,,
"US1COPK0060","2006-03-09","39.223","-106.0011","3033.1","FAIRPLAY .10 SSE, CO US","   51",",,N","  178",",,N","  178",",,N",,
"US1COPK0060","2006-03-19","39.223","-106.0011","3033.1","FAIRPLAY .10 SSE, CO US","   56",",,N","  102",",,N",,,,
"US1COPK0060","2006-06-23","39.223","-106.0011","3033.1","FAIRPLAY .10 SSE, CO US","    0",",,N","    0",",,N",,,,
"US1COPK0060","2006-06-24","39.223","-106.0011","3033.1","FAIRPLAY .10 SSE, CO US","    0",",,N","    0",",,N",,,,
"US1COPK0060","2006-06-25","39.223","-106.0011","3033.1","FAIRPLAY .10 SSE, CO US","    0",",,N","    0",",,N",,,,
"US1COPK0060","2006-06-26","39.223","-106.0011","3033.1","FAIRPLAY .10 SSE, CO US","   69",",,N","    0",",,N",,,,
"US1COPK0060","2006-06-27","39.223","-106.0011","3033.1","FAIRPLAY .10 SSE, CO US","  140",",,N","    0",",,N",,,,
"US1COPK0060","2006-06-28","39.223","-106.0011","3033.1","FAIRPLAY .10 SSE, CO US","   28",",,N","    0",",,N",,,,
"US1COPK0060","2006-06-29","39.223","-106.0011","3033.1","FAIRPLAY .10 SSE, CO US","   15",",,N","    0",",,N",,,,
"US1COPK0060","2006-06-30","39.223","-106.0011","3033.1","FAIRPLAY .10 SSE, CO US","    0",",,N","    0",",,N",,,,
"US1COPK0060","2006-07-01","39.223","-106.0011","3033.1","FAIRPLAY .10 SSE, CO US","    0",",,N","    0",",,N",,,,
"US1COPK0060","2006-07-02","39.223","-106.0011","3033.1","FAIRPLAY .10 SSE, CO US","    0",",,N","    0",",,N",,,,
"US1COPK0060","2006-07-03","39.223","-106.0011","3033.1","FAIRPLAY .10 SSE, CO US","    0",",,N","    0",",,N",,,,
"US1COPK0060","2006-07-04","39.223","-106.0011","3033.1","FAIRPLAY .10 SSE, CO US","  196",",,N","    0",",,N",,,,
"US1COPK0060","2006-07-05","39.223","-106.0011","3033.1","FAIRPLAY .10 SSE, CO US","   61",",,N","    0",",,N",,,,
"US1COPK0060","2006-07-06","39.223","-106.0011","3033.1","FAIRPLAY .10 SSE, CO US","   69",",,N","    0",",,N",,,,
"US1COPK0060","2006-07-07","39.223","-106.0011","3033.1","FAIRPLAY .10 SSE, CO US","   79",",,N","    0",",,N",,,,
"US1COPK0060","2006-07-08","39.223","-106.0011","3033.1","FAIRPLAY .10 SSE, CO US","   23",",,N","    0",",,N",,,,
"US1COPK0060","2006-07-09","39.223","-106.0011","3033.1","FAIRPLAY .10 SSE, CO US","  142",",,N","    0",",,N",,,,
"US1COPK0060","2006-07-14","39.223","-106.0011","3033.1","FAIRPLAY .10 SSE, CO US","   84",",,N","    0",",,N",,,,
"US1COPK0060","2006-07-19","39.223","-106.0011","3033.1","FAIRPLAY .10 SSE, CO US","  102",",,N","    0",",,N",,,,
"US1COPK0060","2006-07-21","39.223","-106.0011","3033.1","FAIRPLAY .10 SSE, CO US","   10",",,N","    0",",,N",,,,
"US1COPK0060","2006-07-23","39.223","-106.0011","3033.1","FAIRPLAY .10 SSE, CO US","  124",",,N","    0",",,N",,,,
"US1COPK0060","2006-08-06","39.223","-106.0011","3033.1","FAIRPLAY .10 SSE, CO US","   76",",,N","    0",",,N",,,,
"US1COPK0060","2006-08-07","39.223","-106.0011","3033.1","FAIRPLAY .10 SSE, CO US","  130",",,N","    0",",,N",,,,
"US1COPK0060","2007-07-01","39.223","-106.0011","3033.1","FAIRPLAY .10 SSE, CO US","    0",",,N","    0",",,N",,,,
"US1COPK0060","2007-07-02","39.223","-106.0011","3033.1","FAIRPLAY .10 SSE, CO US","    0",",,N","    0",",,N",,,,
"US1COPK0060","2007-07-03","39.223","-106.0011","3033.1","FAIRPLAY .10 SSE, CO US","    0",",,N","    0",",,N",,,,
"US1COPK0060","2007-07-04","39.223","-106.0011","3033.1","FAIRPLAY .10 SSE, CO US","    0",",,N","    0",",,N",,,,
"US1COPK0060","2007-07-05","39.223","-106.0011","3033.1","FAIRPLAY .10 SSE, CO US","  193",",,N","    0",",,N",,,,
"US1COPK0060","2007-07-06","39.223","-106.0011","3033.1","FAIRPLAY .10 SSE, CO US","    0",",,N","    0",",,N",,,,
"US1COPK0060","2007-07-07","39.223","-106.0011","3033.1","FAIRPLAY .10 SSE, CO US","   53",",,N","    0",",,N",,,,
"US1COPK0060","2007-07-08","39.223","-106.0011","3033.1","FAIRPLAY .10 SSE, CO US","    0",",,N","    0",",,N",,,,
"US1COPK0060","2007-07-09","39.223","-106.0011","3033.1","FAIRPLAY .10 SSE, CO US","    0",",,N","    0",",,N",,,,
"US1COPK0060","2007-07-10","39.223","-106.0011","3033.1","FAIRPLAY .10 SSE, CO US","    0",",,N","    0",",,N",,,,
"US1COPK0060","2007-07-11","39.223","-106.0011","3033.1","FAIRPLAY .10 SSE, CO US","    0",",,N","    0",",,N",,,,
"US1COPK0060","2007-07-12","39.223","-106.0011","3033.1","FAIRPLAY .10 SSE, CO US","   10",",,N","    0",",,N",,,,
"US1COPK0060","2007-07-13","39.223","-106.0011","3033.1","FAIRPLAY .10 SSE, CO US","   81",",,N","    0",",,N",,,,
"US1COPK0060","2007-07-14","39.223","-106.0011","3033.1","FAIRPLAY .10 SSE, CO US","    0",",,N","    0",",,N",,,,
"US1COPK0060","2007-07-15","39.223","-106.0011","3033.1","FAIRPLAY .10 SSE, CO US","    0",",,N","    0",",,N",,,,
"US1COPK0060","2007-07-16","39.223","-106.0011","3033.1","FAIRPLAY .10 SSE, CO US","    0",",,N","    0",",,N",,,,
"US1COPK0060","2007-07-17","39.223","-106.0011","3033.1","FAIRPLAY .10 SSE, CO US","   13",",,N","    0",",,N",,,,
"US1COPK0060","2007-07-18","39.223","-106.0011","3033.1","FAIRPLAY .10 SSE, CO US","   58",",,N","    0",",,N",,,,
"US1COPK0060","2007-07-19","39.223","-106.0011","3033.1","FAIRPLAY .10 SSE, CO US","   33",",,N","    0",",,N",,,,
"US1COPK0060","2007-07-20","39.223","-106.0011","3033.1","FAIRPLAY .10 SSE, CO US","   20",",,N","    0",",,N",,,,
"US1COPK0060","2007-07-21","39.223","-106.0011","3033.1","FAIRPLAY .10 SSE, CO US","    0",",,N","    0",",,N",,,,
"US1COPK0060","2007-07-22","39.223","-106.0011","3033.1","FAIRPLAY .10 SSE, CO US","    0",",,N","    0",",,N",,,,
"US1COPK0060","2007-07-23","39.223","-106.0011","3033.1","FAIRPLAY .10 SSE, CO US","   20",",,N","    0",",,N",,,,
"US1COPK0060","2007-07-24","39.223","-106.0011","3033.1","FAIRPLAY .10 SSE, CO US","    0",",,N","    0",",,N",,,,
"US1COPK0060","2007-07-25","39.223","-106.0011","3033.1","FAIRPLAY .10 SSE, CO US","    0",",,N","    0",",,N",,,,
"US1COPK0060","2007-07-26","39.223","-106.0011","3033.1","FAIRPLAY .10 SSE, CO US","    0",",,N","    0",",,N",,,,
"US1COPK0060","2007-07-27","39.223","-106.0011","3033.1","FAIRPLAY .10 SSE, CO US","   58",",,N","    0",",,N",,,,
"US1COPK0060","2007-07-28","39.223","-106.0011","3033.1","FAIRPLAY .10 SSE, CO US","  107",",,N","    0",",,N",,,,
"US1COPK0060","2007-07-29","39.223","-106.0011","3033.1","FAIRPLAY .10 SSE, CO US","   74",",,N","    0",",,N",,,,
"US1COPK0060","2007-07-30","39.223","-106.0011","3033.1","FAIRPLAY .10 SSE, CO US","    5",",,N","    0",",,N",,,,
"US1COPK0060","2007-07-31","39.223","-106.0011","3033.1","FAIRPLAY .10 SSE, CO US","    0",",,N","    0",",,N",,,,
"US1COPK0060","2007-08-01","39.223","-106.0011","3033.1","FAIRPLAY .10 SSE, CO US","    5",",,N","    0",",,N",,,,
"US1COPK0060","2007-08-02","39.223","-106.0011","3033.1","FAIRPLAY .10 SSE, CO US","    0",",,N","    0",",,N",,,,
"US1COPK0060","2007-08-03","39.223","-106.0011","3033.1","FAIRPLAY .10 SSE, CO US","   25",",,N","    0",",,N",,,,
"US1COPK0060","2007-08-04","39.223","-106.0011","3033.1","FAIRPLAY .10 SSE, CO US","   13",",,N","    0",",,N",,,,
"US1COPK0060","2007-08-05","39.223","-106.0011","3033.1","FAIRPLAY .10 SSE, CO US","    5",",,N","    0",",,N",,,,
"US1COPK0060","2007-08-06","39.223","-106.0011","3033.1","FAIRPLAY .10 SSE, CO US","   30",",,N","    0",",,N",,,,
"US1COPK0060","2007-08-07","39.223","-106.0011","3033.1","FAIRPLAY .10 SSE, CO US","   30",",,N","    0",",,N",,,,
"US1COPK0060","2007-08-08","39.223","-106.0011","3033.1","FAIRPLAY .10 SSE, CO US","    3",",,N","    0",",,N",,,,
"US1COPK0060","2007-08-09","39.223","-106.0011","3033.1","FAIRPLAY .10 SSE, CO US","    0",",,N","    0",",,N",,,,
"US1COPK0060","2007-08-10","39.223","-106.0011","3033.1","FAIRPLAY .10 SSE, CO US","    0",",,N","    0",",,N",,,,
"US1COPK0060","2007-08-11","39.223","-106.0011","3033.1","FAIRPLAY .10 SSE, CO US","    0",",,N","    0",",,N",,,,
"US1COPK0060","2007-08-12","39.223","-106.0011","3033.1","FAIRPLAY .10 SSE, CO US","    3",",,N","    0",",,N",,,,
"US1COPK0060","2007-08-13","39.223","-106.0011","3033.1","FAIRPLAY .10 SSE, CO US","    0",",,N","    0",",,N",,,,
"US1COPK0060","2007-08-14","39.223","-106.0011","3033.1","FAIRPLAY .10 SSE, CO US","    5",",,N","    0",",,N",,,,
"US1COPK0060","2007-08-15","39.223","-106.0011","3033.1","FAIRPLAY .10 SSE, CO US","    5",",,N","    0",",,N",,,,
"US1COPK0060","2007-08-16","39.223","-106.0011","3033.1","FAIRPLAY .10 SSE, CO US","  127",",,N","    0",",,N",,,,
"US1COPK0060","2007-08-17","39.223","-106.0011","3033.1","FAIRPLAY .10 SSE, CO US","  119",",,N","    0",",,N",,,,
"US1COPK0060","2007-08-18","39.223","-106.0011","3033.1","FAIRPLAY .10 SSE, CO US","   13",",,N","    0",",,N",,,,
"US1COPK0060","2007-08-19","39.223","-106.0011","3033.1","FAIRPLAY .10 SSE, CO US","    5",",,N","    0",",,N",,,,
"US1COPK0060","2007-08-20","39.223","-106.0011","3033.1","FAIRPLAY .10 SSE, CO US","   20",",,N","    0",",,N",,,,
"US1COPK0060","2007-08-21","39.223","-106.0011","3033.1","FAIRPLAY .10 SSE, CO US","    0",",,N","    0",",,N",,,,
"US1COPK0060","2007-08-22","39.223","-106.0011","3033.1","FAIRPLAY .10 SSE, CO US","    0",",,N","    0",",,N",,,,
"US1COPK0060","2007-08-23","39.223","-106.0011","3033.1","FAIRPLAY .10 SSE, CO US","    0",",,N","    0",",,N",,,,
"US1COPK0060","2007-08-24","39.223","-106.0011","3033.1","FAIRPLAY .10 SSE, CO US","   28",",,N","    0",",,N",,,,
"US1COPK0060","2007-08-25","39.223","-106.0011","3033.1","FAIRPLAY .10 SSE, CO US","    0",",,N","    0",",,N",,,,
"US1COPK0060","2007-08-26","39.223","-106.0011","3033.1","FAIRPLAY .10 SSE, CO US","    0",",,N","    0",",,N",,,,
"US1COPK0060","2007-08-27","39.223","-106.0011","3033.1","FAIRPLAY .10 SSE, CO US","    0","T,,N","    0",",,N",,,,
"US1COPK0060","2007-08-28","39.223","-106.0011","3033.1","FAIRPLAY .10 SSE, CO US","   33",",,N","    0",",,N",,,,
"US1COPK0060","2007-08-29","39.223","-106.0011","3033.1","FAIRPLAY .10 SSE, CO US","    0",",,N","    0",",,N",,,,
"US1COPK0060","2007-08-30","39.223","-106.0011","3033.1","FAIRPLAY .10 SSE, CO US","   79",",,N","    0",",,N",,,,
"US1COPK0060","2007-08-31","39.223","-106.0011","3033.1","FAIRPLAY .10 SSE, CO US","   74",",,N","    0",",,N",,,,
"US1COPK0060","2009-05-23","39.223","-106.0011","3033.1","FAIRPLAY .10 SSE, CO US","   89",",,N",,,,,,
"US1COPK0060","2009-05-24","39.223","-106.0011","3033.1","FAIRPLAY .10 SSE, CO US","  137",",,N",,,,,,
"US1COPK0060","2009-05-25","39.223","-106.0011","3033.1","FAIRPLAY .10 SSE, CO US","    8",",,N",,,,,,
"US1COPK0060","2009-05-26","39.223","-106.0011","3033.1","FAIRPLAY .10 SSE, CO US","   51",",,N",,,,,,
"US1COPK0060","2009-05-27","39.223","-106.0011","3033.1","FAIRPLAY .10 SSE, CO US","  117",",,N",,,,,,
"US1COPK0060","2009-05-28","39.223","-106.0011","3033.1","FAIRPLAY .10 SSE, CO US","    0",",,N","    0",",,N",,,,
"US1COPK0060","2009-05-29","39.223","-106.0011","3033.1","FAIRPLAY .10 SSE, CO US","   28",",,N",,,,,,
"US1COPK0060","2009-05-30","39.223","-106.0011","3033.1","FAIRPLAY .10 SSE, CO US","   56",",,N",,,,,,
"US1COPK0060","2009-05-31","39.223","-106.0011","3033.1","FAIRPLAY .10 SSE, CO US","   58",",,N",,,,,,
"US1COPK0060","2009-06-01","39.223","-106.0011","3033.1","FAIRPLAY .10 SSE, CO US","  132",",,N",,,,,,
"US1COPK0060","2009-06-02","39.223","-106.0011","3033.1","FAIRPLAY .10 SSE, CO US","   38",",,N",,,,,,
"US1COPK0060","2009-06-03","39.223","-106.0011","3033.1","FAIRPLAY .10 SSE, CO US","  114",",,N",,,,,,
"US1COPK0060","2009-06-04","39.223","-106.0011","3033.1","FAIRPLAY .10 SSE, CO US","   30",",,N",,,,,,
"US1COPK0060","2009-06-06","39.223","-106.0011","3033.1","FAIRPLAY .10 SSE, CO US","    0",",,N","    0",",,N",,,,
"US1COPK0060","2009-06-07","39.223","-106.0011","3033.1","FAIRPLAY .10 SSE, CO US","    0",",,N","    0",",,N",,,,
"US1COPK0060","2009-06-08","39.223","-106.0011","3033.1","FAIRPLAY .10 SSE, CO US","    0",",,N","    0",",,N",,,,
"US1COPK0060","2009-06-09","39.223","-106.0011","3033.1","FAIRPLAY .10 SSE, CO US","    0",",,N","    0",",,N",,,,
"US1COPK0060","2009-06-10","39.223","-106.0011","3033.1","FAIRPLAY .10 SSE, CO US","    5",",,N",,,,,,
"US1COPK0060","2009-06-26","39.223","-106.0011","3033.1","FAIRPLAY .10 SSE, CO US","   51",",,N",,,,,,
