"STATION","DATE","LATITUDE","LONGITUDE","ELEVATION","NAME","PRCP","PRCP_ATTRIBUTES","SNOW","SNOW_ATTRIBUTES","DAPR","DAPR_ATTRIBUTES","MDPR","MDPR_ATTRIBUTES"
"US1TXMNG070","2018-06-26","30.2063","-95.5149","57.3","THE WOODLANDS 3.7 NNW, TX US","  297",",,N",,,,,,
"US1TXMNG070","2018-06-27","30.2063","-95.5149","57.3","THE WOODLANDS 3.7 NNW, TX US","    0",",,N",,,,,,
"US1TXMNG070","2018-06-28","30.2063","-95.5149","57.3","THE WOODLANDS 3.7 NNW, TX US","    0",",,N",,,,,,
"US1TXMNG070","2018-06-29","30.2063","-95.5149","57.3","THE WOODLANDS 3.7 NNW, TX US","    0",",,N",,,,,,
"US1TXMNG070","2018-06-30","30.2063","-95.5149","57.3","THE WOODLANDS 3.7 NNW, TX US","    0",",,N",,,,,,
"US1TXMNG070","2018-07-01","30.2063","-95.5149","57.3","THE WOODLANDS 3.7 NNW, TX US","    0",",,N",,,,,,
"US1TXMNG070","2018-07-02","30.2063","-95.5149","57.3","THE WOODLANDS 3.7 NNW, TX US","    0",",,N",,,,,,
"US1TXMNG070","2018-07-03","30.2063","-95.5149","57.3","THE WOODLANDS 3.7 NNW, TX US","    0",",,N",,,,,,
"US1TXMNG070","2018-07-04","30.2063","-95.5149","57.3","THE WOODLANDS 3.7 NNW, TX US","    3",",,N",,,,,,
"US1TXMNG070","2018-07-05","30.2063","-95.5149","57.3","THE WOODLANDS 3.7 NNW, TX US"," 1072",",,N",,,,,,
"US1TXMNG070","2018-07-06","30.2063","-95.5149","57.3","THE WOODLANDS 3.7 NNW, TX US","   28",",,N",,,,,,
"US1TXMNG070","2018-07-07","30.2063","-95.5149","57.3","THE WOODLANDS 3.7 NNW, TX US","    0",",,N",,,,,,
"US1TXMNG070","2018-07-08","30.2063","-95.5149","57.3","THE WOODLANDS 3.7 NNW, TX US","    3",",,N",,,,,,
"US1TXMNG070","2018-07-09","30.2063","-95.5149","57.3","THE WOODLANDS 3.7 NNW, TX US","   53",",,N",,,,,,
"US1TXMNG070","2018-07-10","30.2063","-95.5149","57.3","THE WOODLANDS 3.7 NNW, TX US","  155",",,N",,,,,,
"US1TXMNG070","2018-07-11","30.2063","-95.5149","57.3","THE WOODLANDS 3.7 NNW, TX US","    0",",,N",,,,,,
"US1TXMNG070","2018-07-12","30.2063","-95.5149","57.3","THE WOODLANDS 3.7 NNW, TX US","    3",",,N",,,,,,
"US1TXMNG070","2018-07-13","30.2063","-95.5149","57.3","THE WOODLANDS 3.7 NNW, TX US","  384",",,N",,,,,,
"US1TXMNG070","2018-07-14","30.2063","-95.5149","57.3","THE WOODLANDS 3.7 NNW, TX US","    0",",,N",,,,,,
"US1TXMNG070","2018-07-15","30.2063","-95.5149","57.3","THE WOODLANDS 3.7 NNW, TX US","   53",",,N",,,,,,
"US1TXMNG070","2018-07-16","30.2063","-95.5149","57.3","THE WOODLANDS 3.7 NNW, TX US","    0",",,N",,,,,,
"US1TXMNG070","2018-07-17","30.2063","-95.5149","57.3","THE WOODLANDS 3.7 NNW, TX US","    0",",,N",,,,,,
"US1TXMNG070","2018-07-18","30.2063","-95.5149","57.3","THE WOODLANDS 3.7 NNW, TX US","    0",",,N",,,,,,
"US1TXMNG070","2018-07-19","30.2063","-95.5149","57.3","THE WOODLANDS 3.7 NNW, TX US","    0",",,N",,,,,,
"US1TXMNG070","2018-07-20","30.2063","-95.5149","57.3","THE WOODLANDS 3.7 NNW, TX US","    0",",,N",,,,,,
"US1TXMNG070","2018-07-21","30.2063","-95.5149","57.3","THE WOODLANDS 3.7 NNW, TX US","    0",",,N",,,,,,
"US1TXMNG070","2018-07-22","30.2063","-95.5149","57.3","THE WOODLANDS 3.7 NNW, TX US","    0",",,N",,,,,,
"US1TXMNG070","2018-07-23","30.2063","-95.5149","57.3","THE WOODLANDS 3.7 NNW, TX US","    0",",,N",,,,,,
"US1TXMNG070","2018-07-24","30.2063","-95.5149","57.3","THE WOODLANDS 3.7 NNW, TX US","    0",",,N",,,,,,
"US1TXMNG070","2018-07-25","30.2063","-95.5149","57.3","THE WOODLANDS 3.7 NNW, TX US","    0",",,N",,,,,,
"US1TXMNG070","2018-07-26","30.2063","-95.5149","57.3","THE WOODLANDS 3.7 NNW, TX US","    0",",,N",,,,,,
"US1TXMNG070","2018-07-27","30.2063","-95.5149","57.3","THE WOODLANDS 3.7 NNW, TX US","    0",",,N",,,,,,
"US1TXMNG070","2018-07-28","30.2063","-95.5149","57.3","THE WOODLANDS 3.7 NNW, TX US","    0",",,N",,,,,,
"US1TXMNG070","2018-07-29","30.2063","-95.5149","57.3","THE WOODLANDS 3.7 NNW, TX US","    0",",,N",,,,,,
"US1TXMNG070","2018-07-30","30.2063","-95.5149","57.3","THE WOODLANDS 3.7 NNW, TX US","    0",",,N",,,,,,
"US1TXMNG070","2018-07-31","30.2063","-95.5149","57.3","THE WOODLANDS 3.7 NNW, TX US","    0",",,N",,,,,,
"US1TXMNG070","2018-08-01","30.2063","-95.5149","57.3","THE WOODLANDS 3.7 NNW, TX US","  511",",,N",,,,,,
"US1TXMNG070","2018-08-02","30.2063","-95.5149","57.3","THE WOODLANDS 3.7 NNW, TX US","    0",",,N",,,,,,
"US1TXMNG070","2018-08-03","30.2063","-95.5149","57.3","THE WOODLANDS 3.7 NNW, TX US","    0",",,N",,,,,,
"US1TXMNG070","2018-08-04","30.2063","-95.5149","57.3","THE WOODLANDS 3.7 NNW, TX US","    0",",,N",,,,,,
"US1TXMNG070","2018-08-05","30.2063","-95.5149","57.3","THE WOODLANDS 3.7 NNW, TX US","    0",",,N",,,,,,
"US1TXMNG070","2018-08-06","30.2063","-95.5149","57.3","THE WOODLANDS 3.7 NNW, TX US","    0",",,N",,,,,,
"US1TXMNG070","2018-08-07","30.2063","-95.5149","57.3","THE WOODLANDS 3.7 NNW, TX US","   28",",,N",,,,,,
"US1TXMNG070","2018-08-08","30.2063","-95.5149","57.3","THE WOODLANDS 3.7 NNW, TX US","   99",",,N",,,,,,
"US1TXMNG070","2018-08-09","30.2063","-95.5149","57.3","THE WOODLANDS 3.7 NNW, TX US","    0",",,N",,,,,,
"US1TXMNG070","2018-08-10","30.2063","-95.5149","57.3","THE WOODLANDS 3.7 NNW, TX US","    3",",,N",,,,,,
"US1TXMNG070","2018-08-11","30.2063","-95.5149","57.3","THE WOODLANDS 3.7 NNW, TX US","    8",",,N",,,,,,
"US1TXMNG070","2018-08-12","30.2063","-95.5149","57.3","THE WOODLANDS 3.7 NNW, TX US","  419",",,N",,,,,,
"US1TXMNG070","2018-08-13","30.2063","-95.5149","57.3","THE WOODLANDS 3.7 NNW, TX US","  107",",,N",,,,,,
"US1TXMNG070","2018-08-14","30.2063","-95.5149","57.3","THE WOODLANDS 3.7 NNW, TX US","    0",",,N",,,,,,
"US1TXMNG070","2018-08-15","30.2063","-95.5149","57.3","THE WOODLANDS 3.7 NNW, TX US","    0",",,N",,,,,,
"US1TXMNG070","2018-08-16","30.2063","-95.5149","57.3","THE WOODLANDS 3.7 NNW, TX US","    0",",,N",,,,,,
"US1TXMNG070","2018-08-17","30.2063","-95.5149","57.3","THE WOODLANDS 3.7 NNW, TX US","    3",",,N",,,,,,
"US1TXMNG070","2018-08-18","30.2063","-95.5149","57.3","THE WOODLANDS 3.7 NNW, TX US","    0",",,N",,,,,,
"US1TXMNG070","2018-08-19","30.2063","-95.5149","57.3","THE WOODLANDS 3.7 NNW, TX US","    0",",,N",,,,,,
"US1TXMNG070","2018-08-20","30.2063","-95.5149","57.3","THE WOODLANDS 3.7 NNW, TX US","    5",",,N",,,,,,
"US1TXMNG070","2018-08-21","30.2063","-95.5149","57.3","THE WOODLANDS 3.7 NNW, TX US","    0",",,N",,,,,,
"US1TXMNG070","2018-08-23","30.2063","-95.5149","57.3","THE WOODLANDS 3.7 NNW, TX US","    0",",L,N",,,"    2",",L,N","    0",",L,N"
"US1TXMNG070","2018-08-24","30.2063","-95.5149","57.3","THE WOODLANDS 3.7 NNW, TX US","    0",",,N",,,,,,
"US1TXMNG070","2018-08-25","30.2063","-95.5149","57.3","THE WOODLANDS 3.7 NNW, TX US","    0",",,N",,,,,,
"US1TXMNG070","2018-08-26","30.2063","-95.5149","57.3","THE WOODLANDS 3.7 NNW, TX US","    0",",,N",,,,,,
"US1TXMNG070","2018-08-27","30.2063","-95.5149","57.3","THE WOODLANDS 3.7 NNW, TX US","    0",",,N",,,,,,
"US1TXMNG070","2018-08-28","30.2063","-95.5149","57.3","THE WOODLANDS 3.7 NNW, TX US","    0",",,N",,,,,,
"US1TXMNG070","2018-08-29","30.2063","-95.5149","57.3","THE WOODLANDS 3.7 NNW, TX US","    0",",,N",,,,,,
"US1TXMNG070","2018-08-30","30.2063","-95.5149","57.3","THE WOODLANDS 3.7 NNW, TX US","    0",",,N",,,,,,
"US1TXMNG070","2018-08-31","30.2063","-95.5149","57.3","THE WOODLANDS 3.7 NNW, TX US","    0",",,N",,,,,,
"US1TXMNG070","2018-09-01","30.2063","-95.5149","57.3","THE WOODLANDS 3.7 NNW, TX US","    0",",,N",,,,,,
"US1TXMNG070","2018-09-02","30.2063","-95.5149","57.3","THE WOODLANDS 3.7 NNW, TX US","    0",",,N",,,,,,
"US1TXMNG070","2018-09-03","30.2063","-95.5149","57.3","THE WOODLANDS 3.7 NNW, TX US","  155",",,N",,,,,,
"US1TXMNG070","2018-09-04","30.2063","-95.5149","57.3","THE WOODLANDS 3.7 NNW, TX US","  152",",,N",,,,,,
"US1TXMNG070","2018-09-05","30.2063","-95.5149","57.3","THE WOODLANDS 3.7 NNW, TX US","    0",",,N",,,,,,
"US1TXMNG070","2018-09-06","30.2063","-95.5149","57.3","THE WOODLANDS 3.7 NNW, TX US","    0",",,N",,,,,,
"US1TXMNG070","2018-09-07","30.2063","-95.5149","57.3","THE WOODLANDS 3.7 NNW, TX US","    0",",,N",,,,,,
"US1TXMNG070","2018-09-08","30.2063","-95.5149","57.3","THE WOODLANDS 3.7 NNW, TX US","    0",",,N",,,,,,
"US1TXMNG070","2018-09-09","30.2063","-95.5149","57.3","THE WOODLANDS 3.7 NNW, TX US","   15",",,N",,,,,,
"US1TXMNG070","2018-09-10","30.2063","-95.5149","57.3","THE WOODLANDS 3.7 NNW, TX US","    3",",,N",,,,,,
"US1TXMNG070","2018-09-11","30.2063","-95.5149","57.3","THE WOODLANDS 3.7 NNW, TX US","   99",",,N",,,,,,
"US1TXMNG070","2018-09-12","30.2063","-95.5149","57.3","THE WOODLANDS 3.7 NNW, TX US","    8",",,N",,,,,,
"US1TXMNG070","2018-09-13","30.2063","-95.5149","57.3","THE WOODLANDS 3.7 NNW, TX US","   48",",,N",,,,,,
"US1TXMNG070","2018-09-14","30.2063","-95.5149","57.3","THE WOODLANDS 3.7 NNW, TX US","   58",",,N",,,,,,
"US1TXMNG070","2018-09-15","30.2063","-95.5149","57.3","THE WOODLANDS 3.7 NNW, TX US","   79",",,N",,,,,,
"US1TXMNG070","2018-09-16","30.2063","-95.5149","57.3","THE WOODLANDS 3.7 NNW, TX US","    0",",,N",,,,,,
"US1TXMNG070","2018-09-17","30.2063","-95.5149","57.3","THE WOODLANDS 3.7 NNW, TX US","    0",",,N",,,,,,
"US1TXMNG070","2018-09-18","30.2063","-95.5149","57.3","THE WOODLANDS 3.7 NNW, TX US","    0",",,N",,,,,,
"US1TXMNG070","2018-09-19","30.2063","-95.5149","57.3","THE WOODLANDS 3.7 NNW, TX US","    0",",,N",,,,,,
"US1TXMNG070","2018-09-20","30.2063","-95.5149","57.3","THE WOODLANDS 3.7 NNW, TX US","    0",",,N",,,,,,
"US1TXMNG070","2018-09-21","30.2063","-95.5149","57.3","THE WOODLANDS 3.7 NNW, TX US","   61",",,N",,,,,,
"US1TXMNG070","2018-09-22","30.2063","-95.5149","57.3","THE WOODLANDS 3.7 NNW, TX US","   23",",,N",,,,,,
"US1TXMNG070","2018-09-23","30.2063","-95.5149","57.3","THE WOODLANDS 3.7 NNW, TX US","  709",",,N",,,,,,
"US1TXMNG070","2018-09-24","30.2063","-95.5149","57.3","THE WOODLANDS 3.7 NNW, TX US","    0",",,N",,,,,,
"US1TXMNG070","2018-09-25","30.2063","-95.5149","57.3","THE WOODLANDS 3.7 NNW, TX US","    3",",,N",,,,,,
"US1TXMNG070","2018-09-26","30.2063","-95.5149","57.3","THE WOODLANDS 3.7 NNW, TX US","  130",",,N",,,,,,
"US1TXMNG070","2018-09-27","30.2063","-95.5149","57.3","THE WOODLANDS 3.7 NNW, TX US","   43",",,N",,,,,,
"US1TXMNG070","2018-09-28","30.2063","-95.5149","57.3","THE WOODLANDS 3.7 NNW, TX US","    3",",,N",,,,,,
"US1TXMNG070","2018-09-29","30.2063","-95.5149","57.3","THE WOODLANDS 3.7 NNW, TX US","    0",",,N",,,,,,
"US1TXMNG070","2018-09-30","30.2063","-95.5149","57.3","THE WOODLANDS 3.7 NNW, TX US","  564",",,N",,,,,,
"US1TXMNG070","2018-10-01","30.2063","-95.5149","57.3","THE WOODLANDS 3.7 NNW, TX US","    0",",,N",,,,,,
"US1TXMNG070","2018-10-02","30.2063","-95.5149","57.3","THE WOODLANDS 3.7 NNW, TX US","    8",",,N",,,,,,
"US1TXMNG070","2018-10-03","30.2063","-95.5149","57.3","THE WOODLANDS 3.7 NNW, TX US","   69",",,N",,,,,,
"US1TXMNG070","2018-10-04","30.2063","-95.5149","57.3","THE WOODLANDS 3.7 NNW, TX US","    0",",,N",,,,,,
"US1TXMNG070","2018-10-05","30.2063","-95.5149","57.3","THE WOODLANDS 3.7 NNW, TX US","    0",",,N",,,,,,
"US1TXMNG070","2018-10-06","30.2063","-95.5149","57.3","THE WOODLANDS 3.7 NNW, TX US","    5",",,N",,,,,,
"US1TXMNG070","2018-10-08","30.2063","-95.5149","57.3","THE WOODLANDS 3.7 NNW, TX US","   38",",,N",,,,,,
"US1TXMNG070","2018-10-09","30.2063","-95.5149","57.3","THE WOODLANDS 3.7 NNW, TX US","   25",",,N",,,,,,
"US1TXMNG070","2018-10-10","30.2063","-95.5149","57.3","THE WOODLANDS 3.7 NNW, TX US","  312",",,N",,,,,,
"US1TXMNG070","2018-10-11","30.2063","-95.5149","57.3","THE WOODLANDS 3.7 NNW, TX US","    0",",,N",,,,,,
"US1TXMNG070","2018-10-12","30.2063","-95.5149","57.3","THE WOODLANDS 3.7 NNW, TX US","    0",",,N",,,,,,
"US1TXMNG070","2018-10-13","30.2063","-95.5149","57.3","THE WOODLANDS 3.7 NNW, TX US","    0",",,N",,,,,,
"US1TXMNG070","2018-10-14","30.2063","-95.5149","57.3","THE WOODLANDS 3.7 NNW, TX US","    0",",,N",,,,,,
"US1TXMNG070","2018-10-15","30.2063","-95.5149","57.3","THE WOODLANDS 3.7 NNW, TX US","    0",",,N",,,,,,
"US1TXMNG070","2018-10-16","30.2063","-95.5149","57.3","THE WOODLANDS 3.7 NNW, TX US","  104",",,N",,,,,,
"US1TXMNG070","2018-10-17","30.2063","-95.5149","57.3","THE WOODLANDS 3.7 NNW, TX US","    8",",,N",,,,,,
"US1TXMNG070","2018-10-18","30.2063","-95.5149","57.3","THE WOODLANDS 3.7 NNW, TX US","   10",",,N",,,,,,
"US1TXMNG070","2018-10-19","30.2063","-95.5149","57.3","THE WOODLANDS 3.7 NNW, TX US","   13",",,N",,,,,,
"US1TXMNG070","2018-10-20","30.2063","-95.5149","57.3","THE WOODLANDS 3.7 NNW, TX US","  234",",,N",,,,,,
"US1TXMNG070","2018-10-21","30.2063","-95.5149","57.3","THE WOODLANDS 3.7 NNW, TX US","    0",",,N",,,,,,
"US1TXMNG070","2018-10-22","30.2063","-95.5149","57.3","THE WOODLANDS 3.7 NNW, TX US","    0",",,N",,,,,,
"US1TXMNG070","2018-10-23","30.2063","-95.5149","57.3","THE WOODLANDS 3.7 NNW, TX US","   13",",,N",,,,,,
"US1TXMNG070","2018-10-24","30.2063","-95.5149","57.3","THE WOODLANDS 3.7 NNW, TX US","   41",",,N",,,,,,
"US1TXMNG070","2018-10-25","30.2063","-95.5149","57.3","THE WOODLANDS 3.7 NNW, TX US","  163",",,N",,,,,,
"US1TXMNG070","2018-10-26","30.2063","-95.5149","57.3","THE WOODLANDS 3.7 NNW, TX US","    0",",,N",,,,,,
"US1TXMNG070","2018-10-27","30.2063","-95.5149","57.3","THE WOODLANDS 3.7 NNW, TX US","    0",",,N",,,,,,
"US1TXMNG070","2018-10-28","30.2063","-95.5149","57.3","THE WOODLANDS 3.7 NNW, TX US","    0",",,N",,,,,,
"US1TXMNG070","2018-10-29","30.2063","-95.5149","57.3","THE WOODLANDS 3.7 NNW, TX US","    0",",,N",,,,,,
"US1TXMNG070","2018-10-30","30.2063","-95.5149","57.3","THE WOODLANDS 3.7 NNW, TX US","    0",",,N",,,,,,
"US1TXMNG070","2018-10-31","30.2063","-95.5149","57.3","THE WOODLANDS 3.7 NNW, TX US","    0",",,N",,,,,,
"US1TXMNG070","2018-11-01","30.2063","-95.5149","57.3","THE WOODLANDS 3.7 NNW, TX US","  704",",,N",,,,,,
"US1TXMNG070","2018-11-02","30.2063","-95.5149","57.3","THE WOODLANDS 3.7 NNW, TX US","    0",",,N",,,,,,
"US1TXMNG070","2018-11-04","30.2063","-95.5149","57.3","THE WOODLANDS 3.7 NNW, TX US","  290",",,N",,,,,,
"US1TXMNG070","2018-11-05","30.2063","-95.5149","57.3","THE WOODLANDS 3.7 NNW, TX US","   18",",,N",,,,,,
"US1TXMNG070","2018-11-06","30.2063","-95.5149","57.3","THE WOODLANDS 3.7 NNW, TX US","    0",",,N",,,,,,
"US1TXMNG070","2018-11-07","30.2063","-95.5149","57.3","THE WOODLANDS 3.7 NNW, TX US","    0",",,N",,,,,,
"US1TXMNG070","2018-11-08","30.2063","-95.5149","57.3","THE WOODLANDS 3.7 NNW, TX US","   48",",,N",,,,,,
"US1TXMNG070","2018-11-09","30.2063","-95.5149","57.3","THE WOODLANDS 3.7 NNW, TX US","  226",",,N",,,,,,
"US1TXMNG070","2018-11-10","30.2063","-95.5149","57.3","THE WOODLANDS 3.7 NNW, TX US","   48",",,N",,,,,,
"US1TXMNG070","2018-11-11","30.2063","-95.5149","57.3","THE WOODLANDS 3.7 NNW, TX US","    0",",,N","    0",",,N",,,,
"US1TXMNG070","2018-11-12","30.2063","-95.5149","57.3","THE WOODLANDS 3.7 NNW, TX US","   33",",,N",,,,,,
"US1TXMNG070","2018-11-13","30.2063","-95.5149","57.3","THE WOODLANDS 3.7 NNW, TX US","   25",",,N",,,,,,
"US1TXMNG070","2018-11-14","30.2063","-95.5149","57.3","THE WOODLANDS 3.7 NNW, TX US","    3",",,N","    0","T,,N",,,,
"US1TXMNG070","2018-11-15","30.2063","-95.5149","57.3","THE WOODLANDS 3.7 NNW, TX US","    0",",,N",,,,,,
"US1TXMNG070","2018-11-16","30.2063","-95.5149","57.3","THE WOODLANDS 3.7 NNW, TX US","    0",",,N",,,,,,
"US1TXMNG070","2018-11-17","30.2063","-95.5149","57.3","THE WOODLANDS 3.7 NNW, TX US","    0",",,N",,,,,,
"US1TXMNG070","2018-11-18","30.2063","-95.5149","57.3","THE WOODLANDS 3.7 NNW, TX US","    0",",,N",,,,,,
"US1TXMNG070","2018-11-19","30.2063","-95.5149","57.3","THE WOODLANDS 3.7 NNW, TX US","  191",",,N",,,,,,
"US1TXMNG070","2018-11-20","30.2063","-95.5149","57.3","THE WOODLANDS 3.7 NNW, TX US","   18",",,N",,,,,,
"US1TXMNG070","2018-11-21","30.2063","-95.5149","57.3","THE WOODLANDS 3.7 NNW, TX US","    0",",,N",,,,,,
"US1TXMNG070","2018-11-22","30.2063","-95.5149","57.3","THE WOODLANDS 3.7 NNW, TX US","   91",",,N",,,,,,
"US1TXMNG070","2018-11-23","30.2063","-95.5149","57.3","THE WOODLANDS 3.7 NNW, TX US","    3",",,N",,,,,,
"US1TXMNG070","2018-11-24","30.2063","-95.5149","57.3","THE WOODLANDS 3.7 NNW, TX US","    0",",,N",,,,,,
"US1TXMNG070","2018-11-25","30.2063","-95.5149","57.3","THE WOODLANDS 3.7 NNW, TX US","    0",",,N",,,,,,
"US1TXMNG070","2018-11-26","30.2063","-95.5149","57.3","THE WOODLANDS 3.7 NNW, TX US","    0",",,N",,,,,,
"US1TXMNG070","2018-11-27","30.2063","-95.5149","57.3","THE WOODLANDS 3.7 NNW, TX US","    0",",,N",,,,,,
"US1TXMNG070","2018-11-28","30.2063","-95.5149","57.3","THE WOODLANDS 3.7 NNW, TX US","    0",",,N",,,,,,
"US1TXMNG070","2018-11-29","30.2063","-95.5149","57.3","THE WOODLANDS 3.7 NNW, TX US","    0",",,N",,,,,,
"US1TXMNG070","2018-11-30","30.2063","-95.5149","57.3","THE WOODLANDS 3.7 NNW, TX US","   33",",,N",,,,,,
"US1TXMNG070","2018-12-01","30.2063","-95.5149","57.3","THE WOODLANDS 3.7 NNW, TX US","    5",",,N",,,,,,
"US1TXMNG070","2018-12-02","30.2063","-95.5149","57.3","THE WOODLANDS 3.7 NNW, TX US","    0",",,N",,,,,,
"US1TXMNG070","2018-12-03","30.2063","-95.5149","57.3","THE WOODLANDS 3.7 NNW, TX US","    0",",,N",,,,,,
"US1TXMNG070","2018-12-04","30.2063","-95.5149","57.3","THE WOODLANDS 3.7 NNW, TX US","    0",",,N",,,,,,
"US1TXMNG070","2018-12-05","30.2063","-95.5149","57.3","THE WOODLANDS 3.7 NNW, TX US","    0",",,N",,,,,,
"US1TXMNG070","2018-12-06","30.2063","-95.5149","57.3","THE WOODLANDS 3.7 NNW, TX US","    0",",,N",,,,,,
"US1TXMNG070","2018-12-07","30.2063","-95.5149","57.3","THE WOODLANDS 3.7 NNW, TX US","    8",",,N",,,,,,
"US1TXMNG070","2018-12-08","30.2063","-95.5149","57.3","THE WOODLANDS 3.7 NNW, TX US"," 1140",",,N",,,,,,
"US1TXMNG070","2018-12-09","30.2063","-95.5149","57.3","THE WOODLANDS 3.7 NNW, TX US","   18",",,N",,,,,,
"US1TXMNG070","2018-12-10","30.2063","-95.5149","57.3","THE WOODLANDS 3.7 NNW, TX US","    0",",,N",,,,,,
"US1TXMNG070","2018-12-11","30.2063","-95.5149","57.3","THE WOODLANDS 3.7 NNW, TX US","    0",",,N",,,,,,
"US1TXMNG070","2018-12-12","30.2063","-95.5149","57.3","THE WOODLANDS 3.7 NNW, TX US","    0",",,N",,,,,,
"US1TXMNG070","2018-12-13","30.2063","-95.5149","57.3","THE WOODLANDS 3.7 NNW, TX US","  193",",,N",,,,,,
"US1TXMNG070","2018-12-14","30.2063","-95.5149","57.3","THE WOODLANDS 3.7 NNW, TX US","    5",",,N",,,,,,
"US1TXMNG070","2018-12-15","30.2063","-95.5149","57.3","THE WOODLANDS 3.7 NNW, TX US","    0",",,N",,,,,,
"US1TXMNG070","2018-12-16","30.2063","-95.5149","57.3","THE WOODLANDS 3.7 NNW, TX US","    0",",,N",,,,,,
"US1TXMNG070","2018-12-17","30.2063","-95.5149","57.3","THE WOODLANDS 3.7 NNW, TX US","    0",",,N",,,,,,
"US1TXMNG070","2018-12-18","30.2063","-95.5149","57.3","THE WOODLANDS 3.7 NNW, TX US","    0",",,N",,,,,,
"US1TXMNG070","2018-12-19","30.2063","-95.5149","57.3","THE WOODLANDS 3.7 NNW, TX US","  142",",,N",,,,,,
"US1TXMNG070","2018-12-20","30.2063","-95.5149","57.3","THE WOODLANDS 3.7 NNW, TX US","   15",",,N",,,,,,
"US1TXMNG070","2018-12-21","30.2063","-95.5149","57.3","THE WOODLANDS 3.7 NNW, TX US","    0",",,N",,,,,,
"US1TXMNG070","2018-12-22","30.2063","-95.5149","57.3","THE WOODLANDS 3.7 NNW, TX US","    0",",,N",,,,,,
"US1TXMNG070","2018-12-23","30.2063","-95.5149","57.3","THE WOODLANDS 3.7 NNW, TX US","    0",",,N",,,,,,
"US1TXMNG070","2018-12-24","30.2063","-95.5149","57.3","THE WOODLANDS 3.7 NNW, TX US","    0",",,N","    0",",,N",,,,
"US1TXMNG070","2018-12-25","30.2063","-95.5149","57.3","THE WOODLANDS 3.7 NNW, TX US","    0",",,N",,,,,,
"US1TXMNG070","2018-12-26","30.2063","-95.5149","57.3","THE WOODLANDS 3.7 NNW, TX US","    0",",,N",,,,,,
"US1TXMNG070","2018-12-27","30.2063","-95.5149","57.3","THE WOODLANDS 3.7 NNW, TX US","  714",",,N",,,,,,
"US1TXMNG070","2018-12-28","30.2063","-95.5149","57.3","THE WOODLANDS 3.7 NNW, TX US","    0",",,N",,,,,,
"US1TXMNG070","2018-12-29","30.2063","-95.5149","57.3","THE WOODLANDS 3.7 NNW, TX US","    0",",,N",,,,,,
"US1TXMNG070","2018-12-30","30.2063","-95.5149","57.3","THE WOODLANDS 3.7 NNW, TX US","    0",",,N",,,,,,
"US1TXMNG070","2018-12-31","30.2063","-95.5149","57.3","THE WOODLANDS 3.7 NNW, TX US","  102",",,N",,,,,,
"US1TXMNG070","2019-01-01","30.2063","-95.5149","57.3","THE WOODLANDS 3.7 NNW, TX US","    0",",,N",,,,,,
"US1TXMNG070","2019-01-02","30.2063","-95.5149","57.3","THE WOODLANDS 3.7 NNW, TX US","    0","T,,N",,,,,,
"US1TXMNG070","2019-01-03","30.2063","-95.5149","57.3","THE WOODLANDS 3.7 NNW, TX US","  803",",,N",,,,,,
"US1TXMNG070","2019-01-04","30.2063","-95.5149","57.3","THE WOODLANDS 3.7 NNW, TX US","   84",",,N",,,,,,
"US1TXMNG070","2019-01-05","30.2063","-95.5149","57.3","THE WOODLANDS 3.7 NNW, TX US","    0",",,N",,,,,,
"US1TXMNG070","2019-01-06","30.2063","-95.5149","57.3","THE WOODLANDS 3.7 NNW, TX US","    0",",,N",,,,,,
"US1TXMNG070","2019-01-07","30.2063","-95.5149","57.3","THE WOODLANDS 3.7 NNW, TX US","    0",",,N",,,,,,
"US1TXMNG070","2019-01-08","30.2063","-95.5149","57.3","THE WOODLANDS 3.7 NNW, TX US","    0",",,N",,,,,,
"US1TXMNG070","2019-01-09","30.2063","-95.5149","57.3","THE WOODLANDS 3.7 NNW, TX US","    0",",,N",,,,,,
"US1TXMNG070","2019-01-10","30.2063","-95.5149","57.3","THE WOODLANDS 3.7 NNW, TX US","    0",",,N",,,,,,
"US1TXMNG070","2019-01-11","30.2063","-95.5149","57.3","THE WOODLANDS 3.7 NNW, TX US","    0",",,N",,,,,,
"US1TXMNG070","2019-01-12","30.2063","-95.5149","57.3","THE WOODLANDS 3.7 NNW, TX US","  152",",,N",,,,,,
"US1TXMNG070","2019-01-13","30.2063","-95.5149","57.3","THE WOODLANDS 3.7 NNW, TX US","    0",",,N",,,,,,
"US1TXMNG070","2019-01-14","30.2063","-95.5149","57.3","THE WOODLANDS 3.7 NNW, TX US","    0",",,N",,,,,,
"US1TXMNG070","2019-01-15","30.2063","-95.5149","57.3","THE WOODLANDS 3.7 NNW, TX US","    0",",,N",,,,,,
"US1TXMNG070","2019-01-16","30.2063","-95.5149","57.3","THE WOODLANDS 3.7 NNW, TX US","    0",",,N","    0",",,N",,,,
"US1TXMNG070","2019-01-17","30.2063","-95.5149","57.3","THE WOODLANDS 3.7 NNW, TX US","   13",",,N",,,,,,
"US1TXMNG070","2019-01-18","30.2063","-95.5149","57.3","THE WOODLANDS 3.7 NNW, TX US","    3",",,N",,,,,,
"US1TXMNG070","2019-01-19","30.2063","-95.5149","57.3","THE WOODLANDS 3.7 NNW, TX US","  107",",,N",,,,,,
"US1TXMNG070","2019-01-20","30.2063","-95.5149","57.3","THE WOODLANDS 3.7 NNW, TX US","    0",",,N",,,,,,
"US1TXMNG070","2019-01-21","30.2063","-95.5149","57.3","THE WOODLANDS 3.7 NNW, TX US","    0",",,N",,,,,,
"US1TXMNG070","2019-01-23","30.2063","-95.5149","57.3","THE WOODLANDS 3.7 NNW, TX US","  366",",,N",,,,,,
"US1TXMNG070","2019-01-24","30.2063","-95.5149","57.3","THE WOODLANDS 3.7 NNW, TX US","   13",",,N",,,,,,
"US1TXMNG070","2019-01-25","30.2063","-95.5149","57.3","THE WOODLANDS 3.7 NNW, TX US","    0",",,N",,,,,,
"US1TXMNG070","2019-01-26","30.2063","-95.5149","57.3","THE WOODLANDS 3.7 NNW, TX US","    0",",,N",,,,,,
"US1TXMNG070","2019-01-27","30.2063","-95.5149","57.3","THE WOODLANDS 3.7 NNW, TX US","   53",",,N",,,,,,
"US1TXMNG070","2019-01-28","30.2063","-95.5149","57.3","THE WOODLANDS 3.7 NNW, TX US","    0",",,N",,,,,,
"US1TXMNG070","2019-01-29","30.2063","-95.5149","57.3","THE WOODLANDS 3.7 NNW, TX US","   58",",,N",,,,,,
"US1TXMNG070","2019-01-30","30.2063","-95.5149","57.3","THE WOODLANDS 3.7 NNW, TX US","    0",",,N",,,,,,
"US1TXMNG070","2019-01-31","30.2063","-95.5149","57.3","THE WOODLANDS 3.7 NNW, TX US","    0",",,N",,,,,,
"US1TXMNG070","2019-02-01","30.2063","-95.5149","57.3","THE WOODLANDS 3.7 NNW, TX US","   13",",,N",,,,,,
"US1TXMNG070","2019-02-02","30.2063","-95.5149","57.3","THE WOODLANDS 3.7 NNW, TX US","    0","T,,N",,,,,,
"US1TXMNG070","2019-02-03","30.2063","-95.5149","57.3","THE WOODLANDS 3.7 NNW, TX US","    8",",,N",,,,,,
"US1TXMNG070","2019-02-04","30.2063","-95.5149","57.3","THE WOODLANDS 3.7 NNW, TX US","    5",",,N",,,,,,
"US1TXMNG070","2019-02-05","30.2063","-95.5149","57.3","THE WOODLANDS 3.7 NNW, TX US","    8",",,N",,,,,,
"US1TXMNG070","2019-02-06","30.2063","-95.5149","57.3","THE WOODLANDS 3.7 NNW, TX US","    0","T,,N",,,,,,
"US1TXMNG070","2019-02-07","30.2063","-95.5149","57.3","THE WOODLANDS 3.7 NNW, TX US","    0",",,N",,,,,,
"US1TXMNG070","2019-02-08","30.2063","-95.5149","57.3","THE WOODLANDS 3.7 NNW, TX US","   25",",,N",,,,,,
"US1TXMNG070","2019-02-09","30.2063","-95.5149","57.3","THE WOODLANDS 3.7 NNW, TX US","   10",",,N",,,,,,
"US1TXMNG070","2019-02-10","30.2063","-95.5149","57.3","THE WOODLANDS 3.7 NNW, TX US","    0",",,N",,,,,,
"US1TXMNG070","2019-02-11","30.2063","-95.5149","57.3","THE WOODLANDS 3.7 NNW, TX US","   10",",,N",,,,,,
"US1TXMNG070","2019-02-12","30.2063","-95.5149","57.3","THE WOODLANDS 3.7 NNW, TX US","    0","T,,N",,,,,,
"US1TXMNG070","2019-02-13","30.2063","-95.5149","57.3","THE WOODLANDS 3.7 NNW, TX US","    0",",,N",,,,,,
"US1TXMNG070","2019-02-14","30.2063","-95.5149","57.3","THE WOODLANDS 3.7 NNW, TX US","    0",",,N",,,,,,
"US1TXMNG070","2019-02-15","30.2063","-95.5149","57.3","THE WOODLANDS 3.7 NNW, TX US","    0","T,,N",,,,,,
"US1TXMNG070","2019-02-16","30.2063","-95.5149","57.3","THE WOODLANDS 3.7 NNW, TX US","    3",",,N",,,,,,
"US1TXMNG070","2019-02-17","30.2063","-95.5149","57.3","THE WOODLANDS 3.7 NNW, TX US","   10",",,N",,,,,,
"US1TXMNG070","2019-02-18","30.2063","-95.5149","57.3","THE WOODLANDS 3.7 NNW, TX US","    0",",,N",,,,,,
"US1TXMNG070","2019-02-19","30.2063","-95.5149","57.3","THE WOODLANDS 3.7 NNW, TX US","    0","T,,N",,,,,,
"US1TXMNG070","2019-02-20","30.2063","-95.5149","57.3","THE WOODLANDS 3.7 NNW, TX US","   56",",,N",,,,,,
"US1TXMNG070","2019-02-21","30.2063","-95.5149","57.3","THE WOODLANDS 3.7 NNW, TX US","  142",",,N",,,,,,
"US1TXMNG070","2019-02-22","30.2063","-95.5149","57.3","THE WOODLANDS 3.7 NNW, TX US","   38",",,N",,,,,,
"US1TXMNG070","2019-02-23","30.2063","-95.5149","57.3","THE WOODLANDS 3.7 NNW, TX US","    0","T,,N",,,,,,
"US1TXMNG070","2019-02-24","30.2063","-95.5149","57.3","THE WOODLANDS 3.7 NNW, TX US","   10",",,N",,,,,,
"US1TXMNG070","2019-02-25","30.2063","-95.5149","57.3","THE WOODLANDS 3.7 NNW, TX US","    0",",,N",,,,,,
"US1TXMNG070","2019-02-26","30.2063","-95.5149","57.3","THE WOODLANDS 3.7 NNW, TX US","    0","T,,N",,,,,,
"US1TXMNG070","2019-02-27","30.2063","-95.5149","57.3","THE WOODLANDS 3.7 NNW, TX US","   91",",,N",,,,,,
"US1TXMNG070","2019-02-28","30.2063","-95.5149","57.3","THE WOODLANDS 3.7 NNW, TX US","    8",",,N",,,,,,
"US1TXMNG070","2019-03-01","30.2063","-95.5149","57.3","THE WOODLANDS 3.7 NNW, TX US","    0",",,N",,,,,,
"US1TXMNG070","2019-03-02","30.2063","-95.5149","57.3","THE WOODLANDS 3.7 NNW, TX US","    0",",,N",,,,,,
"US1TXMNG070","2019-03-03","30.2063","-95.5149","57.3","THE WOODLANDS 3.7 NNW, TX US","    0",",,N",,,,,,
"US1TXMNG070","2019-03-04","30.2063","-95.5149","57.3","THE WOODLANDS 3.7 NNW, TX US","   13",",,N",,,,,,
"US1TXMNG070","2019-03-05","30.2063","-95.5149","57.3","THE WOODLANDS 3.7 NNW, TX US","    0",",,N",,,,,,
"US1TXMNG070","2019-03-06","30.2063","-95.5149","57.3","THE WOODLANDS 3.7 NNW, TX US","    0",",,N",,,,,,
"US1TXMNG070","2019-03-07","30.2063","-95.5149","57.3","THE WOODLANDS 3.7 NNW, TX US","    0",",,N",,,,,,
"US1TXMNG070","2019-03-08","30.2063","-95.5149","57.3","THE WOODLANDS 3.7 NNW, TX US","    0","T,,N",,,,,,
"US1TXMNG070","2019-03-09","30.2063","-95.5149","57.3","THE WOODLANDS 3.7 NNW, TX US","    3",",,N",,,,,,
"US1TXMNG070","2019-03-10","30.2063","-95.5149","57.3","THE WOODLANDS 3.7 NNW, TX US","    0",",,N","    0",",,N",,,,
"US1TXMNG070","2019-03-17","30.2063","-95.5149","57.3","THE WOODLANDS 3.7 NNW, TX US","    0",",,N",,,,,,
"US1TXMNG070","2019-03-18","30.2063","-95.5149","57.3","THE WOODLANDS 3.7 NNW, TX US","    0",",,N",,,,,,
"US1TXMNG070","2019-03-19","30.2063","-95.5149","57.3","THE WOODLANDS 3.7 NNW, TX US","    0",",,N",,,,,,
"US1TXMNG070","2019-03-20","30.2063","-95.5149","57.3","THE WOODLANDS 3.7 NNW, TX US","    0",",,N",,,,,,
"US1TXMNG070","2019-03-21","30.2063","-95.5149","57.3","THE WOODLANDS 3.7 NNW, TX US","    0",",,N",,,,,,
"US1TXMNG070","2019-03-22","30.2063","-95.5149","57.3","THE WOODLANDS 3.7 NNW, TX US","    0",",,N",,,,,,
"US1TXMNG070","2019-03-23","30.2063","-95.5149","57.3","THE WOODLANDS 3.7 NNW, TX US","    0",",,N",,,,,,
"US1TXMNG070","2019-03-24","30.2063","-95.5149","57.3","THE WOODLANDS 3.7 NNW, TX US","    0",",,N",,,,,,
"US1TXMNG070","2019-03-25","30.2063","-95.5149","57.3","THE WOODLANDS 3.7 NNW, TX US","    0",",,N",,,,,,
"US1TXMNG070","2019-03-26","30.2063","-95.5149","57.3","THE WOODLANDS 3.7 NNW, TX US","    0",",,N",,,,,,
"US1TXMNG070","2019-03-27","30.2063","-95.5149","57.3","THE WOODLANDS 3.7 NNW, TX US","    0",",,N",,,,,,
"US1TXMNG070","2019-03-28","30.2063","-95.5149","57.3","THE WOODLANDS 3.7 NNW, TX US","    0",",,N",,,,,,
"US1TXMNG070","2019-03-29","30.2063","-95.5149","57.3","THE WOODLANDS 3.7 NNW, TX US","    0","T,,N",,,,,,
"US1TXMNG070","2019-03-31","30.2063","-95.5149","57.3","THE WOODLANDS 3.7 NNW, TX US","   48",",,N",,,,,,
"US1TXMNG070","2019-04-01","30.2063","-95.5149","57.3","THE WOODLANDS 3.7 NNW, TX US","    0",",,N",,,,,,
"US1TXMNG070","2019-04-04","30.2063","-95.5149","57.3","THE WOODLANDS 3.7 NNW, TX US","   33",",,N",,,,,,
"US1TXMNG070","2019-04-05","30.2063","-95.5149","57.3","THE WOODLANDS 3.7 NNW, TX US","    0",",,N",,,,,,
"US1TXMNG070","2019-04-06","30.2063","-95.5149","57.3","THE WOODLANDS 3.7 NNW, TX US","    0",",,N",,,,,,
"US1TXMNG070","2019-04-07","30.2063","-95.5149","57.3","THE WOODLANDS 3.7 NNW, TX US","    5",",,N",,,,,,
"US1TXMNG070","2019-04-08","30.2063","-95.5149","57.3","THE WOODLANDS 3.7 NNW, TX US","  295",",,N",,,,,,
"US1TXMNG070","2019-04-09","30.2063","-95.5149","57.3","THE WOODLANDS 3.7 NNW, TX US","   10",",,N",,,,,,
"US1TXMNG070","2019-04-10","30.2063","-95.5149","57.3","THE WOODLANDS 3.7 NNW, TX US","    0",",,N",,,,,,
"US1TXMNG070","2019-04-11","30.2063","-95.5149","57.3","THE WOODLANDS 3.7 NNW, TX US","    0",",,N",,,,,,
"US1TXMNG070","2019-04-12","30.2063","-95.5149","57.3","THE WOODLANDS 3.7 NNW, TX US","   15",",,N",,,,,,
"US1TXMNG070","2019-04-13","30.2063","-95.5149","57.3","THE WOODLANDS 3.7 NNW, TX US","    0",",,N",,,,,,
"US1TXMNG070","2019-04-14","30.2063","-95.5149","57.3","THE WOODLANDS 3.7 NNW, TX US","   48",",,N",,,,,,
"US1TXMNG070","2019-04-15","30.2063","-95.5149","57.3","THE WOODLANDS 3.7 NNW, TX US","    0",",,N",,,,,,
"US1TXMNG070","2019-04-16","30.2063","-95.5149","57.3","THE WOODLANDS 3.7 NNW, TX US","    0",",,N",,,,,,
"US1TXMNG070","2019-04-18","30.2063","-95.5149","57.3","THE WOODLANDS 3.7 NNW, TX US","  371",",,N",,,,,,
"US1TXMNG070","2019-04-19","30.2063","-95.5149","57.3","THE WOODLANDS 3.7 NNW, TX US","  145",",,N",,,,,,
"US1TXMNG070","2019-04-20","30.2063","-95.5149","57.3","THE WOODLANDS 3.7 NNW, TX US","    0",",,N",,,,,,
"US1TXMNG070","2019-04-21","30.2063","-95.5149","57.3","THE WOODLANDS 3.7 NNW, TX US","    0",",,N",,,,,,
"US1TXMNG070","2019-04-22","30.2063","-95.5149","57.3","THE WOODLANDS 3.7 NNW, TX US","    0",",,N",,,,,,
"US1TXMNG070","2019-04-23","30.2063","-95.5149","57.3","THE WOODLANDS 3.7 NNW, TX US","    0",",,N",,,,,,
"US1TXMNG070","2019-04-25","30.2063","-95.5149","57.3","THE WOODLANDS 3.7 NNW, TX US","    5",",,N",,,,,,
"US1TXMNG070","2019-04-26","30.2063","-95.5149","57.3","THE WOODLANDS 3.7 NNW, TX US","    0",",,N",,,,,,
"US1TXMNG070","2019-04-27","30.2063","-95.5149","57.3","THE WOODLANDS 3.7 NNW, TX US","    0",",,N",,,,,,
"US1TXMNG070","2019-04-28","30.2063","-95.5149","57.3","THE WOODLANDS 3.7 NNW, TX US","    0",",,N",,,,,,
"US1TXMNG070","2019-04-29","30.2063","-95.5149","57.3","THE WOODLANDS 3.7 NNW, TX US","    0",",,N",,,,,,
"US1TXMNG070","2019-04-30","30.2063","-95.5149","57.3","THE WOODLANDS 3.7 NNW, TX US","    0",",,N",,,,,,
"US1TXMNG070","2019-05-01","30.2063","-95.5149","57.3","THE WOODLANDS 3.7 NNW, TX US","    0",",,N",,,,,,
"US1TXMNG070","2019-05-02","30.2063","-95.5149","57.3","THE WOODLANDS 3.7 NNW, TX US","  249",",,N",,,,,,
"US1TXMNG070","2019-05-03","30.2063","-95.5149","57.3","THE WOODLANDS 3.7 NNW, TX US","  630",",,N",,,,,,
"US1TXMNG070","2019-05-04","30.2063","-95.5149","57.3","THE WOODLANDS 3.7 NNW, TX US","  470",",,N",,,,,,
"US1TXMNG070","2019-05-05","30.2063","-95.5149","57.3","THE WOODLANDS 3.7 NNW, TX US","    0",",,N",,,,,,
"US1TXMNG070","2019-05-06","30.2063","-95.5149","57.3","THE WOODLANDS 3.7 NNW, TX US","    0",",,N",,,,,,
"US1TXMNG070","2019-05-07","30.2063","-95.5149","57.3","THE WOODLANDS 3.7 NNW, TX US","    0",",,N","    0",",,N",,,,
"US1TXMNG070","2019-05-08","30.2063","-95.5149","57.3","THE WOODLANDS 3.7 NNW, TX US","  142",",,N",,,,,,
"US1TXMNG070","2019-05-10","30.2063","-95.5149","57.3","THE WOODLANDS 3.7 NNW, TX US","  478",",,N",,,,,,
"US1TXMNG070","2019-05-11","30.2063","-95.5149","57.3","THE WOODLANDS 3.7 NNW, TX US","    5",",,N",,,,,,
"US1TXMNG070","2019-05-12","30.2063","-95.5149","57.3","THE WOODLANDS 3.7 NNW, TX US","  315",",,N",,,,,,
"US1TXMNG070","2019-05-13","30.2063","-95.5149","57.3","THE WOODLANDS 3.7 NNW, TX US","    0",",,N",,,,,,
"US1TXMNG070","2019-05-14","30.2063","-95.5149","57.3","THE WOODLANDS 3.7 NNW, TX US","    0",",,N",,,,,,
"US1TXMNG070","2019-05-15","30.2063","-95.5149","57.3","THE WOODLANDS 3.7 NNW, TX US","    0",",,N",,,,,,
"US1TXMNG070","2019-05-16","30.2063","-95.5149","57.3","THE WOODLANDS 3.7 NNW, TX US","    0",",,N",,,,,,
"US1TXMNG070","2019-05-17","30.2063","-95.5149","57.3","THE WOODLANDS 3.7 NNW, TX US","    0",",,N",,,,,,
"US1TXMNG070","2019-05-18","30.2063","-95.5149","57.3","THE WOODLANDS 3.7 NNW, TX US","    0",",,N",,,,,,
"US1TXMNG070","2019-05-19","30.2063","-95.5149","57.3","THE WOODLANDS 3.7 NNW, TX US","   18",",,N",,,,,,
"US1TXMNG070","2019-05-20","30.2063","-95.5149","57.3","THE WOODLANDS 3.7 NNW, TX US","   84",",,N",,,,,,
"US1TXMNG070","2019-05-21","30.2063","-95.5149","57.3","THE WOODLANDS 3.7 NNW, TX US","    0",",,N",,,,,,
"US1TXMNG070","2019-05-22","30.2063","-95.5149","57.3","THE WOODLANDS 3.7 NNW, TX US","    0",",,N",,,,,,
"US1TXMNG070","2019-05-23","30.2063","-95.5149","57.3","THE WOODLANDS 3.7 NNW, TX US","    0",",,N",,,,,,
"US1TXMNG070","2019-05-25","30.2063","-95.5149","57.3","THE WOODLANDS 3.7 NNW, TX US","    0",",,N",,,,,,
"US1TXMNG070","2019-05-26","30.2063","-95.5149","57.3","THE WOODLANDS 3.7 NNW, TX US","    0",",,N",,,,,,
"US1TXMNG070","2019-05-27","30.2063","-95.5149","57.3","THE WOODLANDS 3.7 NNW, TX US","    0",",,N",,,,,,
"US1TXMNG070","2019-05-28","30.2063","-95.5149","57.3","THE WOODLANDS 3.7 NNW, TX US","    0",",,N",,,,,,
"US1TXMNG070","2019-05-30","30.2063","-95.5149","57.3","THE WOODLANDS 3.7 NNW, TX US","    8",",,N",,,,,,
"US1TXMNG070","2019-05-31","30.2063","-95.5149","57.3","THE WOODLANDS 3.7 NNW, TX US","  127",",,N",,,,,,
"US1TXMNG070","2019-06-01","30.2063","-95.5149","57.3","THE WOODLANDS 3.7 NNW, TX US","    0",",,N",,,,,,
"US1TXMNG070","2019-06-02","30.2063","-95.5149","57.3","THE WOODLANDS 3.7 NNW, TX US","    0",",,N",,,,,,
"US1TXMNG070","2019-06-03","30.2063","-95.5149","57.3","THE WOODLANDS 3.7 NNW, TX US","    0",",,N",,,,,,
"US1TXMNG070","2019-06-04","30.2063","-95.5149","57.3","THE WOODLANDS 3.7 NNW, TX US","    0",",,N",,,,,,
"US1TXMNG070","2019-06-05","30.2063","-95.5149","57.3","THE WOODLANDS 3.7 NNW, TX US","   53",",,N",,,,,,
"US1TXMNG070","2019-06-06","30.2063","-95.5149","57.3","THE WOODLANDS 3.7 NNW, TX US","   86",",,N",,,,,,
"US1TXMNG070","2019-06-09","30.2063","-95.5149","57.3","THE WOODLANDS 3.7 NNW, TX US","    0",",,N",,,,,,
"US1TXMNG070","2019-06-10","30.2063","-95.5149","57.3","THE WOODLANDS 3.7 NNW, TX US","    3",",,N",,,,,,
"US1TXMNG070","2019-06-11","30.2063","-95.5149","57.3","THE WOODLANDS 3.7 NNW, TX US","    0",",,N",,,,,,
"US1TXMNG070","2019-06-12","30.2063","-95.5149","57.3","THE WOODLANDS 3.7 NNW, TX US","    3",",,N",,,,,,
"US1TXMNG070","2019-06-14","30.2063","-95.5149","57.3","THE WOODLANDS 3.7 NNW, TX US","    0",",,N",,,,,,
"US1TXMNG070","2019-06-16","30.2063","-95.5149","57.3","THE WOODLANDS 3.7 NNW, TX US","    0","T,,N",,,,,,
"US1TXMNG070","2019-06-17","30.2063","-95.5149","57.3","THE WOODLANDS 3.7 NNW, TX US","  569",",,N",,,,,,
"US1TXMNG070","2019-06-18","30.2063","-95.5149","57.3","THE WOODLANDS 3.7 NNW, TX US","    0",",,N",,,,,,
"US1TXMNG070","2019-06-19","30.2063","-95.5149","57.3","THE WOODLANDS 3.7 NNW, TX US","    0",",,N",,,,,,
"US1TXMNG070","2019-06-20","30.2063","-95.5149","57.3","THE WOODLANDS 3.7 NNW, TX US","    3",",,N",,,,,,
"US1TXMNG070","2019-06-21","30.2063","-95.5149","57.3","THE WOODLANDS 3.7 NNW, TX US","    0",",,N",,,,,,
"US1TXMNG070","2019-06-22","30.2063","-95.5149","57.3","THE WOODLANDS 3.7 NNW, TX US","    0",",,N",,,,,,
"US1TXMNG070","2019-06-23","30.2063","-95.5149","57.3","THE WOODLANDS 3.7 NNW, TX US","    3",",,N",,,,,,
"US1TXMNG070","2019-06-24","30.2063","-95.5149","57.3","THE WOODLANDS 3.7 NNW, TX US","  587",",,N",,,,,,
"US1TXMNG070","2019-06-25","30.2063","-95.5149","57.3","THE WOODLANDS 3.7 NNW, TX US","   43",",,N",,,,,,
"US1TXMNG070","2019-06-26","30.2063","-95.5149","57.3","THE WOODLANDS 3.7 NNW, TX US","   10",",,N",,,,,,
"US1TXMNG070","2019-06-27","30.2063","-95.5149","57.3","THE WOODLANDS 3.7 NNW, TX US","  109",",,N",,,,,,
"US1TXMNG070","2019-06-28","30.2063","-95.5149","57.3","THE WOODLANDS 3.7 NNW, TX US","    3",",,N",,,,,,
"US1TXMNG070","2019-06-30","30.2063","-95.5149","57.3","THE WOODLANDS 3.7 NNW, TX US","  107",",,N",,,,,,
"US1TXMNG070","2019-07-01","30.2063","-95.5149","57.3","THE WOODLANDS 3.7 NNW, TX US","    3",",,N",,,,,,
"US1TXMNG070","2019-07-02","30.2063","-95.5149","57.3","THE WOODLANDS 3.7 NNW, TX US","    0","T,,N",,,,,,
"US1TXMNG070","2019-07-03","30.2063","-95.5149","57.3","THE WOODLANDS 3.7 NNW, TX US","  231",",,N",,,,,,
"US1TXMNG070","2019-07-04","30.2063","-95.5149","57.3","THE WOODLANDS 3.7 NNW, TX US","    5",",,N",,,,,,
"US1TXMNG070","2019-07-05","30.2063","-95.5149","57.3","THE WOODLANDS 3.7 NNW, TX US","    0",",,N",,,,,,
"US1TXMNG070","2019-07-06","30.2063","-95.5149","57.3","THE WOODLANDS 3.7 NNW, TX US","    0",",,N",,,,,,
"US1TXMNG070","2019-07-08","30.2063","-95.5149","57.3","THE WOODLANDS 3.7 NNW, TX US","    0",",,N",,,,,,
"US1TXMNG070","2019-07-09","30.2063","-95.5149","57.3","THE WOODLANDS 3.7 NNW, TX US","   23",",,N",,,,,,
"US1TXMNG070","2019-07-10","30.2063","-95.5149","57.3","THE WOODLANDS 3.7 NNW, TX US","    0",",,N",,,,,,
"US1TXMNG070","2019-07-11","30.2063","-95.5149","57.3","THE WOODLANDS 3.7 NNW, TX US","    0","T,,N",,,,,,
"US1TXMNG070","2019-07-18","30.2063","-95.5149","57.3","THE WOODLANDS 3.7 NNW, TX US",,,,,"    7",",,N","  498",",,N"
"US1TXMNG070","2019-07-19","30.2063","-95.5149","57.3","THE WOODLANDS 3.7 NNW, TX US","    0",",,N",,,,,,
"US1TXMNG070","2019-07-20","30.2063","-95.5149","57.3","THE WOODLANDS 3.7 NNW, TX US","    0",",,N",,,,,,
"US1TXMNG070","2019-07-21","30.2063","-95.5149","57.3","THE WOODLANDS 3.7 NNW, TX US","    0",",,N",,,,,,
"US1TXMNG070","2019-07-29","30.2063","-95.5149","57.3","THE WOODLANDS 3.7 NNW, TX US","  142",",,N",,,,,,
"US1TXMNG070","2019-07-30","30.2063","-95.5149","57.3","THE WOODLANDS 3.7 NNW, TX US","  130",",,N",,,,,,
"US1TXMNG070","2019-07-31","30.2063","-95.5149","57.3","THE WOODLANDS 3.7 NNW, TX US","  185",",,N",,,,,,
"US1TXMNG070","2019-08-01","30.2063","-95.5149","57.3","THE WOODLANDS 3.7 NNW, TX US","    0",",,N",,,,,,
"US1TXMNG070","2019-08-02","30.2063","-95.5149","57.3","THE WOODLANDS 3.7 NNW, TX US","    0",",,N",,,,,,
"US1TXMNG070","2019-08-03","30.2063","-95.5149","57.3","THE WOODLANDS 3.7 NNW, TX US","    0","T,,N",,,,,,
"US1TXMNG070","2019-08-04","30.2063","-95.5149","57.3","THE WOODLANDS 3.7 NNW, TX US","    3",",,N",,,,,,
"US1TXMNG070","2019-08-05","30.2063","-95.5149","57.3","THE WOODLANDS 3.7 NNW, TX US","    0",",,N",,,,,,
"US1TXMNG070","2019-08-06","30.2063","-95.5149","57.3","THE WOODLANDS 3.7 NNW, TX US","    3",",,N",,,,,,
"US1TXMNG070","2019-08-07","30.2063","-95.5149","57.3","THE WOODLANDS 3.7 NNW, TX US","    0",",,N",,,,,,
"US1TXMNG070","2019-08-08","30.2063","-95.5149","57.3","THE WOODLANDS 3.7 NNW, TX US","    0",",,N",,,,,,
"US1TXMNG070","2019-08-09","30.2063","-95.5149","57.3","THE WOODLANDS 3.7 NNW, TX US","    0",",,N",,,,,,
"US1TXMNG070","2019-08-10","30.2063","-95.5149","57.3","THE WOODLANDS 3.7 NNW, TX US","    0",",,N",,,,,,
"US1TXMNG070","2019-08-11","30.2063","-95.5149","57.3","THE WOODLANDS 3.7 NNW, TX US","    0",",,N",,,,,,
"US1TXMNG070","2019-08-12","30.2063","-95.5149","57.3","THE WOODLANDS 3.7 NNW, TX US","    0",",,N",,,,,,
"US1TXMNG070","2019-08-13","30.2063","-95.5149","57.3","THE WOODLANDS 3.7 NNW, TX US","    0",",,N",,,,,,
"US1TXMNG070","2019-08-14","30.2063","-95.5149","57.3","THE WOODLANDS 3.7 NNW, TX US","    0",",,N",,,,,,
"US1TXMNG070","2019-08-15","30.2063","-95.5149","57.3","THE WOODLANDS 3.7 NNW, TX US","    5",",,N",,,,,,
"US1TXMNG070","2019-08-16","30.2063","-95.5149","57.3","THE WOODLANDS 3.7 NNW, TX US","    0",",,N",,,,,,
"US1TXMNG070","2019-08-17","30.2063","-95.5149","57.3","THE WOODLANDS 3.7 NNW, TX US","   25",",,N",,,,,,
"US1TXMNG070","2019-08-18","30.2063","-95.5149","57.3","THE WOODLANDS 3.7 NNW, TX US","    8",",,N",,,,,,
"US1TXMNG070","2019-08-19","30.2063","-95.5149","57.3","THE WOODLANDS 3.7 NNW, TX US","    0",",,N",,,,,,
"US1TXMNG070","2019-08-20","30.2063","-95.5149","57.3","THE WOODLANDS 3.7 NNW, TX US","    0",",,N",,,,,,
"US1TXMNG070","2019-08-21","30.2063","-95.5149","57.3","THE WOODLANDS 3.7 NNW, TX US","   46",",,N",,,,,,
"US1TXMNG070","2019-08-22","30.2063","-95.5149","57.3","THE WOODLANDS 3.7 NNW, TX US","    0",",,N",,,,,,
"US1TXMNG070","2019-08-23","30.2063","-95.5149","57.3","THE WOODLANDS 3.7 NNW, TX US","    5",",,N",,,,,,
"US1TXMNG070","2019-08-25","30.2063","-95.5149","57.3","THE WOODLANDS 3.7 NNW, TX US","   36",",,N",,,,,,
"US1TXMNG070","2019-08-26","30.2063","-95.5149","57.3","THE WOODLANDS 3.7 NNW, TX US","   30",",,N",,,,,,
"US1TXMNG070","2019-08-27","30.2063","-95.5149","57.3","THE WOODLANDS 3.7 NNW, TX US","    0",",,N",,,,,,
"US1TXMNG070","2019-08-28","30.2063","-95.5149","57.3","THE WOODLANDS 3.7 NNW, TX US","    0",",,N",,,,,,
"US1TXMNG070","2019-08-29","30.2063","-95.5149","57.3","THE WOODLANDS 3.7 NNW, TX US","    0",",,N",,,,,,
"US1TXMNG070","2019-08-30","30.2063","-95.5149","57.3","THE WOODLANDS 3.7 NNW, TX US","    0",",,N",,,,,,
"US1TXMNG070","2019-08-31","30.2063","-95.5149","57.3","THE WOODLANDS 3.7 NNW, TX US","    0",",,N",,,,,,
"US1TXMNG070","2019-09-01","30.2063","-95.5149","57.3","THE WOODLANDS 3.7 NNW, TX US","    0",",,N",,,,,,
"US1TXMNG070","2019-09-02","30.2063","-95.5149","57.3","THE WOODLANDS 3.7 NNW, TX US","    0",",,N",,,,,,
"US1TXMNG070","2019-09-03","30.2063","-95.5149","57.3","THE WOODLANDS 3.7 NNW, TX US","    0",",,N",,,,,,
"US1TXMNG070","2019-09-04","30.2063","-95.5149","57.3","THE WOODLANDS 3.7 NNW, TX US","    0",",,N",,,,,,
"US1TXMNG070","2019-09-05","30.2063","-95.5149","57.3","THE WOODLANDS 3.7 NNW, TX US","    0",",,N",,,,,,
"US1TXMNG070","2019-09-06","30.2063","-95.5149","57.3","THE WOODLANDS 3.7 NNW, TX US","    0",",,N",,,,,,
"US1TXMNG070","2019-09-07","30.2063","-95.5149","57.3","THE WOODLANDS 3.7 NNW, TX US","    0",",,N",,,,,,
"US1TXMNG070","2019-09-08","30.2063","-95.5149","57.3","THE WOODLANDS 3.7 NNW, TX US","    0",",,N",,,,,,
"US1TXMNG070","2019-09-09","30.2063","-95.5149","57.3","THE WOODLANDS 3.7 NNW, TX US","    0",",,N",,,,,,
"US1TXMNG070","2019-09-11","30.2063","-95.5149","57.3","THE WOODLANDS 3.7 NNW, TX US","   41",",,N",,,,,,
"US1TXMNG070","2019-09-13","30.2063","-95.5149","57.3","THE WOODLANDS 3.7 NNW, TX US","    8",",,N",,,,,,
"US1TXMNG070","2019-09-14","30.2063","-95.5149","57.3","THE WOODLANDS 3.7 NNW, TX US","    0",",,N",,,,,,
"US1TXMNG070","2019-09-15","30.2063","-95.5149","57.3","THE WOODLANDS 3.7 NNW, TX US","    0",",,N",,,,,,
"US1TXMNG070","2019-09-16","30.2063","-95.5149","57.3","THE WOODLANDS 3.7 NNW, TX US","    0",",,N",,,,,,
"US1TXMNG070","2019-09-17","30.2063","-95.5149","57.3","THE WOODLANDS 3.7 NNW, TX US","    0","T,,N",,,,,,
"US1TXMNG070","2019-09-18","30.2063","-95.5149","57.3","THE WOODLANDS 3.7 NNW, TX US","  114",",,N",,,,,,
"US1TXMNG070","2019-09-19","30.2063","-95.5149","57.3","THE WOODLANDS 3.7 NNW, TX US","  345",",,N",,,,,,
"US1TXMNG070","2019-09-20","30.2063","-95.5149","57.3","THE WOODLANDS 3.7 NNW, TX US","  688",",,N",,,,,,
"US1TXMNG070","2019-09-21","30.2063","-95.5149","57.3","THE WOODLANDS 3.7 NNW, TX US","  130",",,N",,,,,,
"US1TXMNG070","2019-09-22","30.2063","-95.5149","57.3","THE WOODLANDS 3.7 NNW, TX US","    0",",,N",,,,,,
"US1TXMNG070","2019-09-23","30.2063","-95.5149","57.3","THE WOODLANDS 3.7 NNW, TX US","    0",",,N",,,,,,
"US1TXMNG070","2019-09-24","30.2063","-95.5149","57.3","THE WOODLANDS 3.7 NNW, TX US","    0",",,N",,,,,,
"US1TXMNG070","2019-09-25","30.2063","-95.5149","57.3","THE WOODLANDS 3.7 NNW, TX US","    0",",,N",,,,,,
"US1TXMNG070","2019-09-26","30.2063","-95.5149","57.3","THE WOODLANDS 3.7 NNW, TX US","    0",",,N",,,,,,
"US1TXMNG070","2019-09-27","30.2063","-95.5149","57.3","THE WOODLANDS 3.7 NNW, TX US","    0",",,N",,,,,,
"US1TXMNG070","2019-09-28","30.2063","-95.5149","57.3","THE WOODLANDS 3.7 NNW, TX US","    3",",,N",,,,,,
"US1TXMNG070","2019-09-29","30.2063","-95.5149","57.3","THE WOODLANDS 3.7 NNW, TX US","    0",",,N",,,,,,
"US1TXMNG070","2019-09-30","30.2063","-95.5149","57.3","THE WOODLANDS 3.7 NNW, TX US","    0",",,N",,,,,,
"US1TXMNG070","2019-10-01","30.2063","-95.5149","57.3","THE WOODLANDS 3.7 NNW, TX US","    0",",,N",,,,,,
"US1TXMNG070","2019-10-02","30.2063","-95.5149","57.3","THE WOODLANDS 3.7 NNW, TX US","    0",",,N",,,,,,
"US1TXMNG070","2019-10-03","30.2063","-95.5149","57.3","THE WOODLANDS 3.7 NNW, TX US","    0",",,N",,,,,,
"US1TXMNG070","2019-10-07","30.2063","-95.5149","57.3","THE WOODLANDS 3.7 NNW, TX US","    0",",,N",,,,,,
"US1TXMNG070","2019-10-15","30.2063","-95.5149","57.3","THE WOODLANDS 3.7 NNW, TX US",,,"    0",",,N","    8",",,N","  396",",,N"
"US1TXMNG070","2019-10-16","30.2063","-95.5149","57.3","THE WOODLANDS 3.7 NNW, TX US","  130",",,N",,,,,,
"US1TXMNG070","2019-10-21","30.2063","-95.5149","57.3","THE WOODLANDS 3.7 NNW, TX US","  455",",,N",,,,,,
"US1TXMNG070","2019-10-22","30.2063","-95.5149","57.3","THE WOODLANDS 3.7 NNW, TX US","   23",",,N",,,,,,
"US1TXMNG070","2019-10-25","30.2063","-95.5149","57.3","THE WOODLANDS 3.7 NNW, TX US","  114",",,N",,,,,,
"US1TXMNG070","2019-10-26","30.2063","-95.5149","57.3","THE WOODLANDS 3.7 NNW, TX US","   20",",,N",,,,,,
