"STATION","DATE","LATITUDE","LONGITUDE","ELEVATION","NAME","PRCP","PRCP_ATTRIBUTES","SNOW","SNOW_ATTRIBUTES","DAPR","DAPR_ATTRIBUTES","MDPR","MDPR_ATTRIBUTES","WESD","WESD_ATTRIBUTES"
"US1TNSR0005","2007-04-17","36.398191","-86.509613","157.9","GALLATIN 3.4 WNW, TN US","    0",",,N","    0",",,N",,,,,,
"US1TNSR0005","2007-04-18","36.398191","-86.509613","157.9","GALLATIN 3.4 WNW, TN US","    0",",,N","    0",",,N",,,,,,
"US1TNSR0005","2007-04-19","36.398191","-86.509613","157.9","GALLATIN 3.4 WNW, TN US","    0","T,,N","    0",",,N",,,,,,
"US1TNSR0005","2007-04-20","36.398191","-86.509613","157.9","GALLATIN 3.4 WNW, TN US","    0","T,,N","    0",",,N",,,,,,
"US1TNSR0005","2007-04-21","36.398191","-86.509613","157.9","GALLATIN 3.4 WNW, TN US","    0","T,,N","    0",",,N",,,,,,
"US1TNSR0005","2007-04-22","36.398191","-86.509613","157.9","GALLATIN 3.4 WNW, TN US","    0",",,N","    0",",,N",,,,,,
"US1TNSR0005","2007-04-23","36.398191","-86.509613","157.9","GALLATIN 3.4 WNW, TN US","    0",",,N","    0",",,N",,,,,,
"US1TNSR0005","2007-04-24","36.398191","-86.509613","157.9","GALLATIN 3.4 WNW, TN US","    0",",,N","    0",",,N",,,,,,
"US1TNSR0005","2007-04-25","36.398191","-86.509613","157.9","GALLATIN 3.4 WNW, TN US","    0",",,N","    0",",,N",,,,,,
"US1TNSR0005","2007-04-26","36.398191","-86.509613","157.9","GALLATIN 3.4 WNW, TN US","   84",",,N","    0",",,N",,,,,,
"US1TNSR0005","2007-04-27","36.398191","-86.509613","157.9","GALLATIN 3.4 WNW, TN US","   10",",,N","    0",",,N",,,,,,
"US1TNSR0005","2007-04-28","36.398191","-86.509613","157.9","GALLATIN 3.4 WNW, TN US","   18",",,N","    0",",,N",,,,,,
"US1TNSR0005","2007-04-29","36.398191","-86.509613","157.9","GALLATIN 3.4 WNW, TN US","    0","T,,N","    0",",,N",,,,,,
"US1TNSR0005","2007-04-30","36.398191","-86.509613","157.9","GALLATIN 3.4 WNW, TN US","    0",",,N","    0",",,N",,,,,,
"US1TNSR0005","2007-05-01","36.398191","-86.509613","157.9","GALLATIN 3.4 WNW, TN US","    0",",,N","    0",",,N",,,,,,
"US1TNSR0005","2007-05-02","36.398191","-86.509613","157.9","GALLATIN 3.4 WNW, TN US","    0",",,N","    0",",,N",,,,,,
"US1TNSR0005","2007-05-03","36.398191","-86.509613","157.9","GALLATIN 3.4 WNW, TN US","   61",",,N","    0",",,N",,,,,,
"US1TNSR0005","2007-05-04","36.398191","-86.509613","157.9","GALLATIN 3.4 WNW, TN US","   61",",,N","    0",",,N",,,,,,
"US1TNSR0005","2007-05-05","36.398191","-86.509613","157.9","GALLATIN 3.4 WNW, TN US","  279",",,N","    0",",,N",,,,,,
"US1TNSR0005","2007-05-06","36.398191","-86.509613","157.9","GALLATIN 3.4 WNW, TN US","  584",",,N","    0",",,N",,,,,,
"US1TNSR0005","2007-05-07","36.398191","-86.509613","157.9","GALLATIN 3.4 WNW, TN US","    0","T,,N","    0",",,N",,,,,,
"US1TNSR0005","2007-05-08","36.398191","-86.509613","157.9","GALLATIN 3.4 WNW, TN US","    0",",,N","    0",",,N",,,,,,
"US1TNSR0005","2007-05-09","36.398191","-86.509613","157.9","GALLATIN 3.4 WNW, TN US","    0",",,N","    0",",,N",,,,,,
"US1TNSR0005","2007-05-10","36.398191","-86.509613","157.9","GALLATIN 3.4 WNW, TN US","    0",",,N","    0",",,N",,,,,,
"US1TNSR0005","2007-05-11","36.398191","-86.509613","157.9","GALLATIN 3.4 WNW, TN US","    5",",,N","    0",",,N",,,,,,
"US1TNSR0005","2007-05-12","36.398191","-86.509613","157.9","GALLATIN 3.4 WNW, TN US","  361",",,N","    0",",,N",,,,,,
"US1TNSR0005","2007-05-13","36.398191","-86.509613","157.9","GALLATIN 3.4 WNW, TN US","    0",",,N","    0",",,N",,,,,,
"US1TNSR0005","2007-05-14","36.398191","-86.509613","157.9","GALLATIN 3.4 WNW, TN US","    0","T,,N","    0",",,N",,,,,,
"US1TNSR0005","2007-05-15","36.398191","-86.509613","157.9","GALLATIN 3.4 WNW, TN US","    0",",,N","    0",",,N",,,,,,
"US1TNSR0005","2007-05-16","36.398191","-86.509613","157.9","GALLATIN 3.4 WNW, TN US","   74",",,N","    0",",,N",,,,,,
"US1TNSR0005","2007-05-17","36.398191","-86.509613","157.9","GALLATIN 3.4 WNW, TN US","  117",",,N","    0",",,N",,,,,,
"US1TNSR0005","2007-05-18","36.398191","-86.509613","157.9","GALLATIN 3.4 WNW, TN US","    0","T,,N","    0",",,N",,,,,,
"US1TNSR0005","2007-05-19","36.398191","-86.509613","157.9","GALLATIN 3.4 WNW, TN US","    0",",,N","    0",",,N",,,,,,
"US1TNSR0005","2007-05-20","36.398191","-86.509613","157.9","GALLATIN 3.4 WNW, TN US","    0",",,N","    0",",,N",,,,,,
"US1TNSR0005","2007-05-21","36.398191","-86.509613","157.9","GALLATIN 3.4 WNW, TN US","    0",",,N","    0",",,N",,,,,,
"US1TNSR0005","2007-05-22","36.398191","-86.509613","157.9","GALLATIN 3.4 WNW, TN US","    0",",,N","    0",",,N",,,,,,
"US1TNSR0005","2007-05-23","36.398191","-86.509613","157.9","GALLATIN 3.4 WNW, TN US","    0",",,N","    0",",,N",,,,,,
"US1TNSR0005","2007-05-25","36.398191","-86.509613","157.9","GALLATIN 3.4 WNW, TN US","    0",",,N","    0",",,N",,,,,,
"US1TNSR0005","2007-05-26","36.398191","-86.509613","157.9","GALLATIN 3.4 WNW, TN US","    0",",,N","    0",",,N",,,,,,
"US1TNSR0005","2007-05-27","36.398191","-86.509613","157.9","GALLATIN 3.4 WNW, TN US","    0",",,N","    0",",,N",,,,,,
"US1TNSR0005","2007-05-28","36.398191","-86.509613","157.9","GALLATIN 3.4 WNW, TN US","    0",",,N","    0",",,N",,,,,,
"US1TNSR0005","2007-05-29","36.398191","-86.509613","157.9","GALLATIN 3.4 WNW, TN US","    0",",,N","    0",",,N",,,,,,
"US1TNSR0005","2007-05-30","36.398191","-86.509613","157.9","GALLATIN 3.4 WNW, TN US","    0",",,N","    0",",,N",,,,,,
"US1TNSR0005","2007-05-31","36.398191","-86.509613","157.9","GALLATIN 3.4 WNW, TN US","    0",",,N","    0",",,N",,,,,,
"US1TNSR0005","2007-06-01","36.398191","-86.509613","157.9","GALLATIN 3.4 WNW, TN US","    0","T,,N","    0",",,N",,,,,,
"US1TNSR0005","2007-06-02","36.398191","-86.509613","157.9","GALLATIN 3.4 WNW, TN US","    0",",,N","    0",",,N",,,,,,
"US1TNSR0005","2007-06-03","36.398191","-86.509613","157.9","GALLATIN 3.4 WNW, TN US","    3",",,N","    0",",,N",,,,,,
"US1TNSR0005","2007-06-04","36.398191","-86.509613","157.9","GALLATIN 3.4 WNW, TN US","    0",",,N","    0",",,N",,,,,,
"US1TNSR0005","2007-06-05","36.398191","-86.509613","157.9","GALLATIN 3.4 WNW, TN US","    3",",,N","    0",",,N",,,,,,
"US1TNSR0005","2007-06-06","36.398191","-86.509613","157.9","GALLATIN 3.4 WNW, TN US","    0",",,N","    0",",,N",,,,,,
"US1TNSR0005","2007-06-07","36.398191","-86.509613","157.9","GALLATIN 3.4 WNW, TN US","    0",",,N","    0",",,N",,,,,,
"US1TNSR0005","2007-06-08","36.398191","-86.509613","157.9","GALLATIN 3.4 WNW, TN US","    0",",,N","    0",",,N",,,,,,
"US1TNSR0005","2007-06-09","36.398191","-86.509613","157.9","GALLATIN 3.4 WNW, TN US","   13",",,N","    0",",,N",,,,,,
"US1TNSR0005","2007-06-10","36.398191","-86.509613","157.9","GALLATIN 3.4 WNW, TN US","    0",",,N","    0",",,N",,,,,,
"US1TNSR0005","2007-06-11","36.398191","-86.509613","157.9","GALLATIN 3.4 WNW, TN US","    0",",,N","    0",",,N",,,,,,
"US1TNSR0005","2007-06-12","36.398191","-86.509613","157.9","GALLATIN 3.4 WNW, TN US","    0",",,N","    0",",,N",,,,,,
"US1TNSR0005","2007-06-13","36.398191","-86.509613","157.9","GALLATIN 3.4 WNW, TN US","    0",",,N","    0",",,N",,,,,,
"US1TNSR0005","2007-06-14","36.398191","-86.509613","157.9","GALLATIN 3.4 WNW, TN US","    0",",,N","    0",",,N",,,,,,
"US1TNSR0005","2007-06-15","36.398191","-86.509613","157.9","GALLATIN 3.4 WNW, TN US","    0",",,N","    0",",,N",,,,,,
"US1TNSR0005","2007-06-16","36.398191","-86.509613","157.9","GALLATIN 3.4 WNW, TN US","   13",",,N","    0",",,N",,,,,,
"US1TNSR0005","2007-06-17","36.398191","-86.509613","157.9","GALLATIN 3.4 WNW, TN US","    0",",,N","    0",",,N",,,,,,
"US1TNSR0005","2007-06-18","36.398191","-86.509613","157.9","GALLATIN 3.4 WNW, TN US","    0",",,N","    0",",,N",,,,,,
"US1TNSR0005","2007-06-19","36.398191","-86.509613","157.9","GALLATIN 3.4 WNW, TN US","   33",",,N","    0",",,N",,,,,,
"US1TNSR0005","2007-06-20","36.398191","-86.509613","157.9","GALLATIN 3.4 WNW, TN US","   99",",,N","    0",",,N",,,,,,
"US1TNSR0005","2007-06-21","36.398191","-86.509613","157.9","GALLATIN 3.4 WNW, TN US","    0",",,N","    0",",,N",,,,,,
"US1TNSR0005","2007-06-22","36.398191","-86.509613","157.9","GALLATIN 3.4 WNW, TN US","    0",",,N","    0",",,N",,,,,,
"US1TNSR0005","2007-06-23","36.398191","-86.509613","157.9","GALLATIN 3.4 WNW, TN US","    0",",,N","    0",",,N",,,,,,
"US1TNSR0005","2007-06-24","36.398191","-86.509613","157.9","GALLATIN 3.4 WNW, TN US","   15",",,N","    0",",,N",,,,,,
"US1TNSR0005","2007-06-25","36.398191","-86.509613","157.9","GALLATIN 3.4 WNW, TN US","   51",",,N","    0",",,N",,,,,,
"US1TNSR0005","2007-06-26","36.398191","-86.509613","157.9","GALLATIN 3.4 WNW, TN US","  102",",,N","    0",",,N",,,,,,
"US1TNSR0005","2007-06-27","36.398191","-86.509613","157.9","GALLATIN 3.4 WNW, TN US","  147",",,N","    0",",,N",,,,,,
"US1TNSR0005","2007-06-28","36.398191","-86.509613","157.9","GALLATIN 3.4 WNW, TN US","   33",",,N","    0",",,N",,,,,,
"US1TNSR0005","2007-06-29","36.398191","-86.509613","157.9","GALLATIN 3.4 WNW, TN US","   15",",,N","    0",",,N",,,,,,
"US1TNSR0005","2007-06-30","36.398191","-86.509613","157.9","GALLATIN 3.4 WNW, TN US","  630",",,N","    0",",,N",,,,,,
"US1TNSR0005","2007-07-01","36.398191","-86.509613","157.9","GALLATIN 3.4 WNW, TN US","    5",",,N","    0",",,N",,,,,,
"US1TNSR0005","2007-07-02","36.398191","-86.509613","157.9","GALLATIN 3.4 WNW, TN US","    0",",,N","    0",",,N",,,,,,
"US1TNSR0005","2007-07-03","36.398191","-86.509613","157.9","GALLATIN 3.4 WNW, TN US","    0",",,N","    0",",,N",,,,,,
"US1TNSR0005","2007-07-04","36.398191","-86.509613","157.9","GALLATIN 3.4 WNW, TN US","    0",",,N","    0",",,N",,,,,,
"US1TNSR0005","2007-07-05","36.398191","-86.509613","157.9","GALLATIN 3.4 WNW, TN US","    0",",,N","    0",",,N",,,,,,
"US1TNSR0005","2007-07-06","36.398191","-86.509613","157.9","GALLATIN 3.4 WNW, TN US","    0",",,N","    0",",,N",,,,,,
"US1TNSR0005","2007-07-07","36.398191","-86.509613","157.9","GALLATIN 3.4 WNW, TN US","    0",",,N","    0",",,N",,,,,,
"US1TNSR0005","2007-07-08","36.398191","-86.509613","157.9","GALLATIN 3.4 WNW, TN US","    0",",,N","    0",",,N",,,,,,
"US1TNSR0005","2007-07-09","36.398191","-86.509613","157.9","GALLATIN 3.4 WNW, TN US","    0",",,N","    0",",,N",,,,,,
"US1TNSR0005","2007-07-10","36.398191","-86.509613","157.9","GALLATIN 3.4 WNW, TN US","  246",",,N","    0",",,N",,,,,,
"US1TNSR0005","2007-07-11","36.398191","-86.509613","157.9","GALLATIN 3.4 WNW, TN US","  216",",,N","    0",",,N",,,,,,
"US1TNSR0005","2007-07-12","36.398191","-86.509613","157.9","GALLATIN 3.4 WNW, TN US","   23",",,N","    0",",,N",,,,,,
"US1TNSR0005","2007-07-13","36.398191","-86.509613","157.9","GALLATIN 3.4 WNW, TN US","    3",",,N","    0",",,N",,,,,,
"US1TNSR0005","2007-07-14","36.398191","-86.509613","157.9","GALLATIN 3.4 WNW, TN US","    0",",,N","    0",",,N",,,,,,
"US1TNSR0005","2007-07-15","36.398191","-86.509613","157.9","GALLATIN 3.4 WNW, TN US","    0",",,N","    0",",,N",,,,,,
"US1TNSR0005","2007-07-16","36.398191","-86.509613","157.9","GALLATIN 3.4 WNW, TN US","    0",",,N","    0",",,N",,,,,,
"US1TNSR0005","2007-07-17","36.398191","-86.509613","157.9","GALLATIN 3.4 WNW, TN US","  495",",,N","    0",",,N",,,,,,
"US1TNSR0005","2007-07-18","36.398191","-86.509613","157.9","GALLATIN 3.4 WNW, TN US","    0","T,,N","    0",",,N",,,,,,
"US1TNSR0005","2007-07-19","36.398191","-86.509613","157.9","GALLATIN 3.4 WNW, TN US","    0",",,N","    0",",,N",,,,,,
"US1TNSR0005","2007-07-20","36.398191","-86.509613","157.9","GALLATIN 3.4 WNW, TN US","    3",",,N","    0",",,N",,,,,,
"US1TNSR0005","2007-07-21","36.398191","-86.509613","157.9","GALLATIN 3.4 WNW, TN US","    0",",,N","    0",",,N",,,,,,
"US1TNSR0005","2007-07-22","36.398191","-86.509613","157.9","GALLATIN 3.4 WNW, TN US","    0",",,N","    0",",,N",,,,,,
"US1TNSR0005","2007-07-23","36.398191","-86.509613","157.9","GALLATIN 3.4 WNW, TN US","    0",",,N","    0",",,N",,,,,,
"US1TNSR0005","2007-07-24","36.398191","-86.509613","157.9","GALLATIN 3.4 WNW, TN US","    0",",,N","    0",",,N",,,,,,
"US1TNSR0005","2007-07-25","36.398191","-86.509613","157.9","GALLATIN 3.4 WNW, TN US","    0",",,N","    0",",,N",,,,,,
"US1TNSR0005","2007-07-26","36.398191","-86.509613","157.9","GALLATIN 3.4 WNW, TN US","    0",",,N","    0",",,N",,,,,,
"US1TNSR0005","2007-07-27","36.398191","-86.509613","157.9","GALLATIN 3.4 WNW, TN US","    0",",,N","    0",",,N",,,,,,
"US1TNSR0005","2007-07-28","36.398191","-86.509613","157.9","GALLATIN 3.4 WNW, TN US","  191",",,N","    0",",,N",,,,,,
"US1TNSR0005","2007-07-29","36.398191","-86.509613","157.9","GALLATIN 3.4 WNW, TN US","    0",",,N","    0",",,N",,,,,,
"US1TNSR0005","2007-07-30","36.398191","-86.509613","157.9","GALLATIN 3.4 WNW, TN US","    0",",,N","    0",",,N",,,,,,
"US1TNSR0005","2007-07-31","36.398191","-86.509613","157.9","GALLATIN 3.4 WNW, TN US","    0",",,N","    0",",,N",,,,,,
"US1TNSR0005","2007-08-01","36.398191","-86.509613","157.9","GALLATIN 3.4 WNW, TN US","    0",",,N","    0",",,N",,,,,,
"US1TNSR0005","2007-08-02","36.398191","-86.509613","157.9","GALLATIN 3.4 WNW, TN US","   18",",,N","    0",",,N",,,,,,
"US1TNSR0005","2007-08-03","36.398191","-86.509613","157.9","GALLATIN 3.4 WNW, TN US","    0",",,N","    0",",,N",,,,,,
"US1TNSR0005","2007-08-04","36.398191","-86.509613","157.9","GALLATIN 3.4 WNW, TN US","    0",",,N","    0",",,N",,,,,,
"US1TNSR0005","2007-08-05","36.398191","-86.509613","157.9","GALLATIN 3.4 WNW, TN US","   28",",,N","    0",",,N",,,,,,
"US1TNSR0005","2007-08-06","36.398191","-86.509613","157.9","GALLATIN 3.4 WNW, TN US","    0",",,N","    0",",,N",,,,,,
"US1TNSR0005","2007-08-07","36.398191","-86.509613","157.9","GALLATIN 3.4 WNW, TN US","    0",",,N","    0",",,N",,,,,,
"US1TNSR0005","2007-08-08","36.398191","-86.509613","157.9","GALLATIN 3.4 WNW, TN US","    0",",,N","    0",",,N",,,,,,
"US1TNSR0005","2007-08-09","36.398191","-86.509613","157.9","GALLATIN 3.4 WNW, TN US","    0",",,N","    0",",,N",,,,,,
"US1TNSR0005","2007-08-10","36.398191","-86.509613","157.9","GALLATIN 3.4 WNW, TN US","    0",",,N","    0",",,N",,,,,,
"US1TNSR0005","2007-08-11","36.398191","-86.509613","157.9","GALLATIN 3.4 WNW, TN US","    0",",,N","    0",",,N",,,,,,
"US1TNSR0005","2007-08-12","36.398191","-86.509613","157.9","GALLATIN 3.4 WNW, TN US","    0",",,N","    0",",,N",,,,,,
"US1TNSR0005","2007-08-13","36.398191","-86.509613","157.9","GALLATIN 3.4 WNW, TN US","    0",",,N","    0",",,N",,,,,,
"US1TNSR0005","2007-08-14","36.398191","-86.509613","157.9","GALLATIN 3.4 WNW, TN US","    0",",,N","    0",",,N",,,,,,
"US1TNSR0005","2007-08-15","36.398191","-86.509613","157.9","GALLATIN 3.4 WNW, TN US","    0",",,N","    0",",,N",,,,,,
"US1TNSR0005","2007-08-16","36.398191","-86.509613","157.9","GALLATIN 3.4 WNW, TN US","    0",",,N","    0",",,N",,,,,,
"US1TNSR0005","2007-08-17","36.398191","-86.509613","157.9","GALLATIN 3.4 WNW, TN US","    0",",,N","    0",",,N",,,,,,
"US1TNSR0005","2007-08-18","36.398191","-86.509613","157.9","GALLATIN 3.4 WNW, TN US","    0",",,N","    0",",,N",,,,,,
"US1TNSR0005","2007-08-19","36.398191","-86.509613","157.9","GALLATIN 3.4 WNW, TN US","    0",",,N","    0",",,N",,,,,,
"US1TNSR0005","2007-08-20","36.398191","-86.509613","157.9","GALLATIN 3.4 WNW, TN US","   23",",,N","    0",",,N",,,,,,
"US1TNSR0005","2007-08-21","36.398191","-86.509613","157.9","GALLATIN 3.4 WNW, TN US","    0",",,N","    0",",,N",,,,,,
"US1TNSR0005","2007-08-22","36.398191","-86.509613","157.9","GALLATIN 3.4 WNW, TN US","    0",",,N","    0",",,N",,,,,,
"US1TNSR0005","2007-08-27","36.398191","-86.509613","157.9","GALLATIN 3.4 WNW, TN US",,,,,"    5",",,N","    8",",,N",,
"US1TNSR0005","2007-08-28","36.398191","-86.509613","157.9","GALLATIN 3.4 WNW, TN US","    0",",,N","    0",",,N",,,,,,
"US1TNSR0005","2007-08-29","36.398191","-86.509613","157.9","GALLATIN 3.4 WNW, TN US","    0",",,N","    0",",,N",,,,,,
"US1TNSR0005","2007-08-30","36.398191","-86.509613","157.9","GALLATIN 3.4 WNW, TN US","   20",",,N","    0",",,N",,,,,,
"US1TNSR0005","2007-08-31","36.398191","-86.509613","157.9","GALLATIN 3.4 WNW, TN US","    8",",,N","    0",",,N",,,,,,
"US1TNSR0005","2007-09-01","36.398191","-86.509613","157.9","GALLATIN 3.4 WNW, TN US","    0",",,N","    0",",,N",,,,,,
"US1TNSR0005","2007-09-02","36.398191","-86.509613","157.9","GALLATIN 3.4 WNW, TN US","    0",",,N","    0",",,N",,,,,,
"US1TNSR0005","2007-09-03","36.398191","-86.509613","157.9","GALLATIN 3.4 WNW, TN US","    0",",,N","    0",",,N",,,,,,
"US1TNSR0005","2007-09-04","36.398191","-86.509613","157.9","GALLATIN 3.4 WNW, TN US","    0",",,N","    0",",,N",,,,,,
"US1TNSR0005","2007-09-05","36.398191","-86.509613","157.9","GALLATIN 3.4 WNW, TN US","    0",",,N","    0",",,N",,,,,,
"US1TNSR0005","2007-09-06","36.398191","-86.509613","157.9","GALLATIN 3.4 WNW, TN US","    0",",,N","    0",",,N",,,,,,
"US1TNSR0005","2007-09-07","36.398191","-86.509613","157.9","GALLATIN 3.4 WNW, TN US","    0",",,N","    0",",,N",,,,,,
"US1TNSR0005","2007-09-08","36.398191","-86.509613","157.9","GALLATIN 3.4 WNW, TN US","   10",",,N","    0",",,N",,,,,,
"US1TNSR0005","2007-09-09","36.398191","-86.509613","157.9","GALLATIN 3.4 WNW, TN US","    0","T,,N","    0",",,N",,,,,,
"US1TNSR0005","2007-09-10","36.398191","-86.509613","157.9","GALLATIN 3.4 WNW, TN US","   79",",,N","    0",",,N",,,,,,
"US1TNSR0005","2007-09-11","36.398191","-86.509613","157.9","GALLATIN 3.4 WNW, TN US","  234",",,N","    0",",,N",,,,,,
"US1TNSR0005","2007-09-12","36.398191","-86.509613","157.9","GALLATIN 3.4 WNW, TN US","   10",",,N","    0",",,N",,,,,,
"US1TNSR0005","2007-09-13","36.398191","-86.509613","157.9","GALLATIN 3.4 WNW, TN US","    0",",,N","    0",",,N",,,,,,
"US1TNSR0005","2007-09-14","36.398191","-86.509613","157.9","GALLATIN 3.4 WNW, TN US","   36",",,N","    0",",,N",,,,,,
"US1TNSR0005","2007-09-15","36.398191","-86.509613","157.9","GALLATIN 3.4 WNW, TN US","    3",",,N","    0",",,N",,,,,,
"US1TNSR0005","2007-09-16","36.398191","-86.509613","157.9","GALLATIN 3.4 WNW, TN US","    0",",,N","    0",",,N",,,,,,
"US1TNSR0005","2007-09-17","36.398191","-86.509613","157.9","GALLATIN 3.4 WNW, TN US","    0",",,N","    0",",,N",,,,,,
"US1TNSR0005","2007-09-18","36.398191","-86.509613","157.9","GALLATIN 3.4 WNW, TN US","    0",",,N","    0",",,N",,,,,,
"US1TNSR0005","2007-09-19","36.398191","-86.509613","157.9","GALLATIN 3.4 WNW, TN US","    0",",,N","    0",",,N",,,,,,
"US1TNSR0005","2007-09-20","36.398191","-86.509613","157.9","GALLATIN 3.4 WNW, TN US","    0",",,N","    0",",,N",,,,,,
"US1TNSR0005","2007-09-21","36.398191","-86.509613","157.9","GALLATIN 3.4 WNW, TN US","    0",",,N","    0",",,N",,,,,,
"US1TNSR0005","2007-09-22","36.398191","-86.509613","157.9","GALLATIN 3.4 WNW, TN US","    0",",,N","    0",",,N",,,,,,
"US1TNSR0005","2007-09-23","36.398191","-86.509613","157.9","GALLATIN 3.4 WNW, TN US","    0",",,N","    0",",,N",,,,,,
"US1TNSR0005","2007-09-24","36.398191","-86.509613","157.9","GALLATIN 3.4 WNW, TN US","    0",",,N","    0",",,N",,,,,,
"US1TNSR0005","2007-09-25","36.398191","-86.509613","157.9","GALLATIN 3.4 WNW, TN US","    0",",,N","    0",",,N",,,,,,
"US1TNSR0005","2007-09-26","36.398191","-86.509613","157.9","GALLATIN 3.4 WNW, TN US","    0",",,N","    0",",,N",,,,,,
"US1TNSR0005","2007-09-27","36.398191","-86.509613","157.9","GALLATIN 3.4 WNW, TN US","   18",",,N","    0",",,N",,,,,,
"US1TNSR0005","2007-09-28","36.398191","-86.509613","157.9","GALLATIN 3.4 WNW, TN US","  203",",,N","    0",",,N",,,,,,
"US1TNSR0005","2007-09-29","36.398191","-86.509613","157.9","GALLATIN 3.4 WNW, TN US","    5",",,N","    0",",,N",,,,,,
"US1TNSR0005","2007-09-30","36.398191","-86.509613","157.9","GALLATIN 3.4 WNW, TN US","    0",",,N","    0",",,N",,,,,,
"US1TNSR0005","2007-10-01","36.398191","-86.509613","157.9","GALLATIN 3.4 WNW, TN US","    0",",,N","    0",",,N",,,,,,
"US1TNSR0005","2007-10-02","36.398191","-86.509613","157.9","GALLATIN 3.4 WNW, TN US","    0",",,N","    0",",,N",,,,,,
"US1TNSR0005","2007-10-03","36.398191","-86.509613","157.9","GALLATIN 3.4 WNW, TN US","    0",",,N","    0",",,N",,,,,,
"US1TNSR0005","2007-10-04","36.398191","-86.509613","157.9","GALLATIN 3.4 WNW, TN US","    0",",,N","    0",",,N",,,,,,
"US1TNSR0005","2007-10-05","36.398191","-86.509613","157.9","GALLATIN 3.4 WNW, TN US","   10",",,N","    0",",,N",,,,,,
"US1TNSR0005","2007-10-06","36.398191","-86.509613","157.9","GALLATIN 3.4 WNW, TN US","    0",",,N","    0",",,N",,,,,,
"US1TNSR0005","2007-10-07","36.398191","-86.509613","157.9","GALLATIN 3.4 WNW, TN US","    0",",,N","    0",",,N",,,,,,
"US1TNSR0005","2007-10-08","36.398191","-86.509613","157.9","GALLATIN 3.4 WNW, TN US","    0",",,N","    0",",,N",,,,,,
"US1TNSR0005","2007-10-09","36.398191","-86.509613","157.9","GALLATIN 3.4 WNW, TN US","    0",",,N","    0",",,N",,,,,,
"US1TNSR0005","2007-10-10","36.398191","-86.509613","157.9","GALLATIN 3.4 WNW, TN US","   20",",,N","    0",",,N",,,,,,
"US1TNSR0005","2007-10-11","36.398191","-86.509613","157.9","GALLATIN 3.4 WNW, TN US","    0",",,N","    0",",,N",,,,,,
"US1TNSR0005","2007-10-12","36.398191","-86.509613","157.9","GALLATIN 3.4 WNW, TN US","    0",",,N","    0",",,N",,,,,,
"US1TNSR0005","2007-10-13","36.398191","-86.509613","157.9","GALLATIN 3.4 WNW, TN US","    0",",,N","    0",",,N",,,,,,
"US1TNSR0005","2007-10-14","36.398191","-86.509613","157.9","GALLATIN 3.4 WNW, TN US","    0",",,N","    0",",,N",,,,,,
"US1TNSR0005","2007-10-15","36.398191","-86.509613","157.9","GALLATIN 3.4 WNW, TN US","    0",",,N","    0",",,N",,,,,,
"US1TNSR0005","2007-10-16","36.398191","-86.509613","157.9","GALLATIN 3.4 WNW, TN US","    8",",,N","    0",",,N",,,,,,
"US1TNSR0005","2007-10-17","36.398191","-86.509613","157.9","GALLATIN 3.4 WNW, TN US","   43",",,N","    0",",,N",,,,,,
"US1TNSR0005","2007-10-18","36.398191","-86.509613","157.9","GALLATIN 3.4 WNW, TN US","   61",",,N","    0",",,N",,,,,,
"US1TNSR0005","2007-10-19","36.398191","-86.509613","157.9","GALLATIN 3.4 WNW, TN US","  137",",,N","    0",",,N",,,,,,
"US1TNSR0005","2007-10-20","36.398191","-86.509613","157.9","GALLATIN 3.4 WNW, TN US","    3",",,N","    0",",,N",,,,,,
"US1TNSR0005","2007-10-21","36.398191","-86.509613","157.9","GALLATIN 3.4 WNW, TN US","    0",",,N","    0",",,N",,,,,,
"US1TNSR0005","2007-10-22","36.398191","-86.509613","157.9","GALLATIN 3.4 WNW, TN US","    0",",,N","    0",",,N",,,,,,
"US1TNSR0005","2007-10-23","36.398191","-86.509613","157.9","GALLATIN 3.4 WNW, TN US","  640",",,N","    0",",,N",,,,,,
"US1TNSR0005","2007-10-24","36.398191","-86.509613","157.9","GALLATIN 3.4 WNW, TN US","  249",",,N","    0",",,N",,,,,,
"US1TNSR0005","2007-10-25","36.398191","-86.509613","157.9","GALLATIN 3.4 WNW, TN US","   84",",,N","    0",",,N",,,,,,
"US1TNSR0005","2007-10-26","36.398191","-86.509613","157.9","GALLATIN 3.4 WNW, TN US","   10",",,N","    0",",,N",,,,,,
"US1TNSR0005","2007-10-27","36.398191","-86.509613","157.9","GALLATIN 3.4 WNW, TN US","   23",",,N","    0",",,N",,,,,,
"US1TNSR0005","2007-10-28","36.398191","-86.509613","157.9","GALLATIN 3.4 WNW, TN US","    5",",,N","    0",",,N",,,,,,
"US1TNSR0005","2007-10-29","36.398191","-86.509613","157.9","GALLATIN 3.4 WNW, TN US","    0",",,N","    0",",,N",,,,,,
"US1TNSR0005","2007-10-30","36.398191","-86.509613","157.9","GALLATIN 3.4 WNW, TN US","    0",",,N","    0",",,N",,,,,,
"US1TNSR0005","2007-10-31","36.398191","-86.509613","157.9","GALLATIN 3.4 WNW, TN US","    0",",,N","    0",",,N",,,,,,
"US1TNSR0005","2007-11-01","36.398191","-86.509613","157.9","GALLATIN 3.4 WNW, TN US","    0",",,N","    0",",,N",,,,,,
"US1TNSR0005","2007-11-02","36.398191","-86.509613","157.9","GALLATIN 3.4 WNW, TN US","    0",",,N","    0",",,N",,,,,,
"US1TNSR0005","2007-11-03","36.398191","-86.509613","157.9","GALLATIN 3.4 WNW, TN US","    0",",,N","    0",",,N",,,,,,
"US1TNSR0005","2007-11-04","36.398191","-86.509613","157.9","GALLATIN 3.4 WNW, TN US","    0",",,N","    0",",,N",,,,,,
"US1TNSR0005","2007-11-05","36.398191","-86.509613","157.9","GALLATIN 3.4 WNW, TN US","    0",",,N","    0",",,N",,,,,,
"US1TNSR0005","2007-11-06","36.398191","-86.509613","157.9","GALLATIN 3.4 WNW, TN US","   36",",,N","    0",",,N",,,,,,
"US1TNSR0005","2007-11-07","36.398191","-86.509613","157.9","GALLATIN 3.4 WNW, TN US","    0",",,N","    0",",,N",,,,,,
"US1TNSR0005","2007-11-08","36.398191","-86.509613","157.9","GALLATIN 3.4 WNW, TN US","    0",",,N","    0",",,N",,,,,,
"US1TNSR0005","2007-11-09","36.398191","-86.509613","157.9","GALLATIN 3.4 WNW, TN US","    0",",,N","    0",",,N",,,,,,
"US1TNSR0005","2007-11-10","36.398191","-86.509613","157.9","GALLATIN 3.4 WNW, TN US","    0","T,,N","    0",",,N",,,,,,
"US1TNSR0005","2007-11-11","36.398191","-86.509613","157.9","GALLATIN 3.4 WNW, TN US","    0",",,N","    0",",,N",,,,,,
"US1TNSR0005","2007-11-12","36.398191","-86.509613","157.9","GALLATIN 3.4 WNW, TN US","    0",",,N","    0",",,N",,,,,,
"US1TNSR0005","2007-11-13","36.398191","-86.509613","157.9","GALLATIN 3.4 WNW, TN US","   61",",,N","    0",",,N",,,,,,
"US1TNSR0005","2007-11-14","36.398191","-86.509613","157.9","GALLATIN 3.4 WNW, TN US","   41",",,N","    0",",,N",,,,,,
"US1TNSR0005","2007-11-15","36.398191","-86.509613","157.9","GALLATIN 3.4 WNW, TN US","  295",",,N","    0",",,N",,,,,,
"US1TNSR0005","2007-11-16","36.398191","-86.509613","157.9","GALLATIN 3.4 WNW, TN US","    5",",,N","    0",",,N",,,,,,
"US1TNSR0005","2007-11-17","36.398191","-86.509613","157.9","GALLATIN 3.4 WNW, TN US","    0",",,N","    0",",,N",,,,,,
"US1TNSR0005","2007-11-18","36.398191","-86.509613","157.9","GALLATIN 3.4 WNW, TN US","    3",",,N","    0",",,N",,,,,,
"US1TNSR0005","2007-11-19","36.398191","-86.509613","157.9","GALLATIN 3.4 WNW, TN US","    0",",,N","    0",",,N",,,,,,
"US1TNSR0005","2007-11-20","36.398191","-86.509613","157.9","GALLATIN 3.4 WNW, TN US","    5",",,N","    0",",,N",,,,,,
"US1TNSR0005","2007-11-21","36.398191","-86.509613","157.9","GALLATIN 3.4 WNW, TN US","    0",",,N","    0",",,N",,,,,,
"US1TNSR0005","2007-11-22","36.398191","-86.509613","157.9","GALLATIN 3.4 WNW, TN US","  267",",,N","    0",",,N",,,,,,
"US1TNSR0005","2007-11-23","36.398191","-86.509613","157.9","GALLATIN 3.4 WNW, TN US","    5",",,N","    0",",,N",,,,,,
"US1TNSR0005","2007-11-24","36.398191","-86.509613","157.9","GALLATIN 3.4 WNW, TN US","    0",",,N","    0",",,N",,,,,,
"US1TNSR0005","2007-11-25","36.398191","-86.509613","157.9","GALLATIN 3.4 WNW, TN US","   13",",,N","    0",",,N",,,,,,
"US1TNSR0005","2007-11-26","36.398191","-86.509613","157.9","GALLATIN 3.4 WNW, TN US","  211",",,N","    0",",,N",,,,,,
"US1TNSR0005","2007-11-27","36.398191","-86.509613","157.9","GALLATIN 3.4 WNW, TN US","   28",",,N","    0",",,N",,,,,,
"US1TNSR0005","2007-11-28","36.398191","-86.509613","157.9","GALLATIN 3.4 WNW, TN US","    3",",,N","    0",",,N",,,,,,
"US1TNSR0005","2007-11-29","36.398191","-86.509613","157.9","GALLATIN 3.4 WNW, TN US","    0",",,N","    0",",,N",,,,,,
"US1TNSR0005","2007-11-30","36.398191","-86.509613","157.9","GALLATIN 3.4 WNW, TN US","    0",",,N","    0",",,N",,,,,,
"US1TNSR0005","2007-12-01","36.398191","-86.509613","157.9","GALLATIN 3.4 WNW, TN US","    0",",,N","    0",",,N",,,,,,
"US1TNSR0005","2007-12-02","36.398191","-86.509613","157.9","GALLATIN 3.4 WNW, TN US","    0",",,N","    0",",,N",,,,,,
"US1TNSR0005","2007-12-03","36.398191","-86.509613","157.9","GALLATIN 3.4 WNW, TN US","  175",",,N","    0",",,N",,,,,,
"US1TNSR0005","2007-12-04","36.398191","-86.509613","157.9","GALLATIN 3.4 WNW, TN US","    5",",,N","    0",",,N",,,,,,
"US1TNSR0005","2007-12-05","36.398191","-86.509613","157.9","GALLATIN 3.4 WNW, TN US","    0",",,N","    0",",,N",,,,,,
"US1TNSR0005","2007-12-06","36.398191","-86.509613","157.9","GALLATIN 3.4 WNW, TN US","    0",",,N","    0",",,N",,,,,,
"US1TNSR0005","2007-12-07","36.398191","-86.509613","157.9","GALLATIN 3.4 WNW, TN US","   15",",,N","    0",",,N",,,,,,
"US1TNSR0005","2007-12-08","36.398191","-86.509613","157.9","GALLATIN 3.4 WNW, TN US","   25",",,N","    0",",,N",,,,,,
"US1TNSR0005","2007-12-09","36.398191","-86.509613","157.9","GALLATIN 3.4 WNW, TN US","   10",",,N","    0",",,N",,,,,,
"US1TNSR0005","2007-12-10","36.398191","-86.509613","157.9","GALLATIN 3.4 WNW, TN US","    5",",,N","    0",",,N",,,,,,
"US1TNSR0005","2007-12-11","36.398191","-86.509613","157.9","GALLATIN 3.4 WNW, TN US","    5",",,N","    0",",,N",,,,,,
"US1TNSR0005","2007-12-12","36.398191","-86.509613","157.9","GALLATIN 3.4 WNW, TN US","   84",",,N","    0",",,N",,,,,,
"US1TNSR0005","2007-12-13","36.398191","-86.509613","157.9","GALLATIN 3.4 WNW, TN US","  239",",,N","    0",",,N",,,,,,
"US1TNSR0005","2007-12-14","36.398191","-86.509613","157.9","GALLATIN 3.4 WNW, TN US","   33",",,N","    0",",,N",,,,,,
"US1TNSR0005","2007-12-15","36.398191","-86.509613","157.9","GALLATIN 3.4 WNW, TN US","    5",",,N","    0",",,N",,,,,,
"US1TNSR0005","2007-12-16","36.398191","-86.509613","157.9","GALLATIN 3.4 WNW, TN US","   86",",,N","    0",",,N",,,,,,
"US1TNSR0005","2007-12-17","36.398191","-86.509613","157.9","GALLATIN 3.4 WNW, TN US","    0",",,N","    0",",,N",,,,,,
"US1TNSR0005","2007-12-18","36.398191","-86.509613","157.9","GALLATIN 3.4 WNW, TN US","    0",",,N","    0",",,N",,,,,,
"US1TNSR0005","2007-12-19","36.398191","-86.509613","157.9","GALLATIN 3.4 WNW, TN US","    3",",,N","    0",",,N",,,,,,
"US1TNSR0005","2007-12-20","36.398191","-86.509613","157.9","GALLATIN 3.4 WNW, TN US","    0",",,N","    0",",,N",,,,,,
"US1TNSR0005","2007-12-21","36.398191","-86.509613","157.9","GALLATIN 3.4 WNW, TN US","  165",",,N","    0",",,N",,,,,,
"US1TNSR0005","2007-12-22","36.398191","-86.509613","157.9","GALLATIN 3.4 WNW, TN US","    3",",,N","    0",",,N",,,,,,
"US1TNSR0005","2007-12-23","36.398191","-86.509613","157.9","GALLATIN 3.4 WNW, TN US","   61",",,N","    0",",,N",,,,,,
"US1TNSR0005","2007-12-24","36.398191","-86.509613","157.9","GALLATIN 3.4 WNW, TN US","    0",",,N","    0",",,N",,,,,,
"US1TNSR0005","2007-12-25","36.398191","-86.509613","157.9","GALLATIN 3.4 WNW, TN US","    0",",,N","    0",",,N",,,,,,
"US1TNSR0005","2007-12-26","36.398191","-86.509613","157.9","GALLATIN 3.4 WNW, TN US","    0",",,N","    0",",,N",,,,,,
"US1TNSR0005","2007-12-27","36.398191","-86.509613","157.9","GALLATIN 3.4 WNW, TN US","   25",",,N","    0",",,N",,,,,,
"US1TNSR0005","2007-12-28","36.398191","-86.509613","157.9","GALLATIN 3.4 WNW, TN US","  150",",,N","    0",",,N",,,,,,
"US1TNSR0005","2007-12-29","36.398191","-86.509613","157.9","GALLATIN 3.4 WNW, TN US","  109",",,N","    0",",,N",,,,,,
"US1TNSR0005","2007-12-30","36.398191","-86.509613","157.9","GALLATIN 3.4 WNW, TN US","    5",",,N","    0",",,N",,,,,,
"US1TNSR0005","2007-12-31","36.398191","-86.509613","157.9","GALLATIN 3.4 WNW, TN US","    0",",,N","    0",",,N",,,,,,
"US1TNSR0005","2008-01-01","36.398191","-86.509613","157.9","GALLATIN 3.4 WNW, TN US","    5",",,N","    0",",,N",,,,,,
"US1TNSR0005","2008-01-02","36.398191","-86.509613","157.9","GALLATIN 3.4 WNW, TN US","    0",",,N","    0",",,N",,,,,,
"US1TNSR0005","2008-01-03","36.398191","-86.509613","157.9","GALLATIN 3.4 WNW, TN US","    0",",,N","    0",",,N",,,,,,
"US1TNSR0005","2008-01-04","36.398191","-86.509613","157.9","GALLATIN 3.4 WNW, TN US","    0",",,N","    0",",,N",,,,,,
"US1TNSR0005","2008-01-05","36.398191","-86.509613","157.9","GALLATIN 3.4 WNW, TN US","    0",",,N","    0",",,N",,,,,,
"US1TNSR0005","2008-01-06","36.398191","-86.509613","157.9","GALLATIN 3.4 WNW, TN US","   25",",,N","    0",",,N",,,,,,
"US1TNSR0005","2008-01-07","36.398191","-86.509613","157.9","GALLATIN 3.4 WNW, TN US","    3",",,N","    0",",,N",,,,,,
"US1TNSR0005","2008-01-08","36.398191","-86.509613","157.9","GALLATIN 3.4 WNW, TN US","    0",",,N","    0",",,N",,,,,,
"US1TNSR0005","2008-01-09","36.398191","-86.509613","157.9","GALLATIN 3.4 WNW, TN US","  170",",,N","    0",",,N",,,,,,
"US1TNSR0005","2008-01-10","36.398191","-86.509613","157.9","GALLATIN 3.4 WNW, TN US","    3",",,N","    0",",,N",,,,,,
"US1TNSR0005","2008-01-11","36.398191","-86.509613","157.9","GALLATIN 3.4 WNW, TN US","  213",",,N","    0",",,N",,,,,,
"US1TNSR0005","2008-01-12","36.398191","-86.509613","157.9","GALLATIN 3.4 WNW, TN US","    0",",,N","    0",",,N",,,,,,
"US1TNSR0005","2008-01-13","36.398191","-86.509613","157.9","GALLATIN 3.4 WNW, TN US","    0",",,N","    0",",,N",,,,,,
"US1TNSR0005","2008-01-14","36.398191","-86.509613","157.9","GALLATIN 3.4 WNW, TN US","    3",",,N","    0",",,N",,,,,,
"US1TNSR0005","2008-01-15","36.398191","-86.509613","157.9","GALLATIN 3.4 WNW, TN US","    0",",,N","    0",",,N",,,,,,
"US1TNSR0005","2008-01-16","36.398191","-86.509613","157.9","GALLATIN 3.4 WNW, TN US","    0",",,N","    0",",,N",,,,,,
"US1TNSR0005","2008-01-17","36.398191","-86.509613","157.9","GALLATIN 3.4 WNW, TN US","   61",",,N","    0",",,N",,,,,,
"US1TNSR0005","2008-01-18","36.398191","-86.509613","157.9","GALLATIN 3.4 WNW, TN US","    5",",,N","    0",",,N",,,,,,
"US1TNSR0005","2008-01-19","36.398191","-86.509613","157.9","GALLATIN 3.4 WNW, TN US","    0",",,N","    0",",,N",,,,,,
"US1TNSR0005","2008-01-20","36.398191","-86.509613","157.9","GALLATIN 3.4 WNW, TN US","    0","T,,N","    0",",,N",,,,,,
"US1TNSR0005","2008-01-21","36.398191","-86.509613","157.9","GALLATIN 3.4 WNW, TN US","    0",",,N","    0",",,N",,,,,,
"US1TNSR0005","2008-01-22","36.398191","-86.509613","157.9","GALLATIN 3.4 WNW, TN US","   13",",,N","    0",",,N",,,,,,
"US1TNSR0005","2008-01-23","36.398191","-86.509613","157.9","GALLATIN 3.4 WNW, TN US","   58",",,N","    0",",,N",,,,,,
"US1TNSR0005","2008-01-24","36.398191","-86.509613","157.9","GALLATIN 3.4 WNW, TN US","    0",",,N","    0",",,N",,,,,,
"US1TNSR0005","2008-01-25","36.398191","-86.509613","157.9","GALLATIN 3.4 WNW, TN US","    0",",,N","    0",",,N",,,,,,
"US1TNSR0005","2008-01-26","36.398191","-86.509613","157.9","GALLATIN 3.4 WNW, TN US","    0",",,N","    0",",,N",,,,,,
"US1TNSR0005","2008-01-27","36.398191","-86.509613","157.9","GALLATIN 3.4 WNW, TN US","    0",",,N","    0",",,N",,,,,,
"US1TNSR0005","2008-01-28","36.398191","-86.509613","157.9","GALLATIN 3.4 WNW, TN US","    0",",,N","    0",",,N",,,,,,
"US1TNSR0005","2008-01-29","36.398191","-86.509613","157.9","GALLATIN 3.4 WNW, TN US","    8",",,N","    0",",,N",,,,,,
"US1TNSR0005","2008-01-30","36.398191","-86.509613","157.9","GALLATIN 3.4 WNW, TN US","  391",",,N","    0",",,N",,,,,,
"US1TNSR0005","2008-01-31","36.398191","-86.509613","157.9","GALLATIN 3.4 WNW, TN US","    0",",,N","    0",",,N",,,,,,
"US1TNSR0005","2008-02-01","36.398191","-86.509613","157.9","GALLATIN 3.4 WNW, TN US","  196",",,N","    0",",,N",,,,,,
"US1TNSR0005","2008-02-02","36.398191","-86.509613","157.9","GALLATIN 3.4 WNW, TN US","    3",",,N","    0",",,N",,,,,,
"US1TNSR0005","2008-02-03","36.398191","-86.509613","157.9","GALLATIN 3.4 WNW, TN US","    3",",,N","    0",",,N",,,,,,
"US1TNSR0005","2008-02-04","36.398191","-86.509613","157.9","GALLATIN 3.4 WNW, TN US","    0","T,,N","    0",",,N",,,,,,
"US1TNSR0005","2008-02-05","36.398191","-86.509613","157.9","GALLATIN 3.4 WNW, TN US","  102",",,N","    0",",,N",,,,,,
"US1TNSR0005","2008-02-06","36.398191","-86.509613","157.9","GALLATIN 3.4 WNW, TN US","  391",",,N","    0",",,N",,,,,,
"US1TNSR0005","2008-02-07","36.398191","-86.509613","157.9","GALLATIN 3.4 WNW, TN US","    5",",,N","    0",",,N",,,,,,
"US1TNSR0005","2008-02-08","36.398191","-86.509613","157.9","GALLATIN 3.4 WNW, TN US","    0","T,,N","    0",",,N",,,,,,
"US1TNSR0005","2008-02-09","36.398191","-86.509613","157.9","GALLATIN 3.4 WNW, TN US","    0",",,N","    0",",,N",,,,,,
"US1TNSR0005","2008-02-10","36.398191","-86.509613","157.9","GALLATIN 3.4 WNW, TN US","    0",",,N","    0",",,N",,,,,,
"US1TNSR0005","2008-02-11","36.398191","-86.509613","157.9","GALLATIN 3.4 WNW, TN US","    0",",,N","    0",",,N",,,,,,
"US1TNSR0005","2008-02-12","36.398191","-86.509613","157.9","GALLATIN 3.4 WNW, TN US","  119",",,N","    0",",,N",,,,,,
"US1TNSR0005","2008-02-13","36.398191","-86.509613","157.9","GALLATIN 3.4 WNW, TN US","   71",",,N","    0",",,N",,,,,,
"US1TNSR0005","2008-02-14","36.398191","-86.509613","157.9","GALLATIN 3.4 WNW, TN US","    3",",,N","    0",",,N",,,,,,
"US1TNSR0005","2008-02-15","36.398191","-86.509613","157.9","GALLATIN 3.4 WNW, TN US","    0",",,N","    0",",,N",,,,,,
"US1TNSR0005","2008-02-16","36.398191","-86.509613","157.9","GALLATIN 3.4 WNW, TN US","    0",",,N","    0",",,N",,,,,,
"US1TNSR0005","2008-02-17","36.398191","-86.509613","157.9","GALLATIN 3.4 WNW, TN US","    5",",,N","    0",",,N",,,,,,
"US1TNSR0005","2008-02-18","36.398191","-86.509613","157.9","GALLATIN 3.4 WNW, TN US","   86",",,N","    0",",,N",,,,,,
"US1TNSR0005","2008-02-19","36.398191","-86.509613","157.9","GALLATIN 3.4 WNW, TN US","    5",",,N","    0",",,N",,,,,,
"US1TNSR0005","2008-02-20","36.398191","-86.509613","157.9","GALLATIN 3.4 WNW, TN US","    0","T,,N","    0",",,N",,,,,,
"US1TNSR0005","2008-02-21","36.398191","-86.509613","157.9","GALLATIN 3.4 WNW, TN US","    0",",,N","    0",",,N",,,,,,
"US1TNSR0005","2008-02-22","36.398191","-86.509613","157.9","GALLATIN 3.4 WNW, TN US","   76",",,N","    0",",,N",,,,,,
"US1TNSR0005","2008-02-23","36.398191","-86.509613","157.9","GALLATIN 3.4 WNW, TN US","   10",",,N","    0",",,N",,,,,,
"US1TNSR0005","2008-02-24","36.398191","-86.509613","157.9","GALLATIN 3.4 WNW, TN US","   10",",,N","    0",",,N",,,,,,
"US1TNSR0005","2008-02-25","36.398191","-86.509613","157.9","GALLATIN 3.4 WNW, TN US","    5",",,N","    0",",,N",,,,,,
"US1TNSR0005","2008-02-26","36.398191","-86.509613","157.9","GALLATIN 3.4 WNW, TN US","   15",",,N","    0",",,N",,,,,,
"US1TNSR0005","2008-02-27","36.398191","-86.509613","157.9","GALLATIN 3.4 WNW, TN US","    8",",,N","    0",",,N",,,,,"    8",",,N"
"US1TNSR0005","2008-02-28","36.398191","-86.509613","157.9","GALLATIN 3.4 WNW, TN US","    0",",,N","    0",",,N",,,,,,
"US1TNSR0005","2008-02-29","36.398191","-86.509613","157.9","GALLATIN 3.4 WNW, TN US","   15",",,N","    0",",,N",,,,,,
"US1TNSR0005","2008-03-01","36.398191","-86.509613","157.9","GALLATIN 3.4 WNW, TN US","   76",",,N","    0",",,N",,,,,,
"US1TNSR0005","2008-03-02","36.398191","-86.509613","157.9","GALLATIN 3.4 WNW, TN US","    5",",,N","    0",",,N",,,,,,
"US1TNSR0005","2008-03-03","36.398191","-86.509613","157.9","GALLATIN 3.4 WNW, TN US","    0",",,N","    0",",,N",,,,,,
"US1TNSR0005","2008-03-04","36.398191","-86.509613","157.9","GALLATIN 3.4 WNW, TN US","  432",",,N","    0",",,N",,,,,,
"US1TNSR0005","2008-03-05","36.398191","-86.509613","157.9","GALLATIN 3.4 WNW, TN US","   36",",,N","    0",",,N",,,,,,
"US1TNSR0005","2008-03-06","36.398191","-86.509613","157.9","GALLATIN 3.4 WNW, TN US","    5",",,N","    0",",,N",,,,,,
"US1TNSR0005","2008-03-07","36.398191","-86.509613","157.9","GALLATIN 3.4 WNW, TN US","  142",",,N","    0",",,N",,,,,,
"US1TNSR0005","2008-03-08","36.398191","-86.509613","157.9","GALLATIN 3.4 WNW, TN US","   18",",,N","    0",",,N",,,,,,
"US1TNSR0005","2008-03-09","36.398191","-86.509613","157.9","GALLATIN 3.4 WNW, TN US","    3",",,N","    0",",,N",,,,,,
"US1TNSR0005","2008-03-10","36.398191","-86.509613","157.9","GALLATIN 3.4 WNW, TN US","    0",",,N","    0",",,N",,,,,,
"US1TNSR0005","2008-03-11","36.398191","-86.509613","157.9","GALLATIN 3.4 WNW, TN US","    0",",,N","    0",",,N",,,,,,
"US1TNSR0005","2008-03-12","36.398191","-86.509613","157.9","GALLATIN 3.4 WNW, TN US","    0",",,N","    0",",,N",,,,,,
"US1TNSR0005","2008-03-13","36.398191","-86.509613","157.9","GALLATIN 3.4 WNW, TN US","    0",",,N","    0",",,N",,,,,,
"US1TNSR0005","2008-03-14","36.398191","-86.509613","157.9","GALLATIN 3.4 WNW, TN US","   48",",,N","    0",",,N",,,,,,
"US1TNSR0005","2008-03-15","36.398191","-86.509613","157.9","GALLATIN 3.4 WNW, TN US","  135",",,N","    0",",,N",,,,,,
"US1TNSR0005","2008-03-16","36.398191","-86.509613","157.9","GALLATIN 3.4 WNW, TN US","   64",",,N","    0",",,N",,,,,,
"US1TNSR0005","2008-03-17","36.398191","-86.509613","157.9","GALLATIN 3.4 WNW, TN US","    3",",,N","    0",",,N",,,,,,
"US1TNSR0005","2008-03-18","36.398191","-86.509613","157.9","GALLATIN 3.4 WNW, TN US","    0",",,N","    0",",,N",,,,,,
"US1TNSR0005","2008-03-19","36.398191","-86.509613","157.9","GALLATIN 3.4 WNW, TN US","  384",",,N","    0",",,N",,,,,,
"US1TNSR0005","2008-03-20","36.398191","-86.509613","157.9","GALLATIN 3.4 WNW, TN US","  107",",,N","    0",",,N",,,,,,
"US1TNSR0005","2008-03-21","36.398191","-86.509613","157.9","GALLATIN 3.4 WNW, TN US","    3",",,N","    0",",,N",,,,,,
"US1TNSR0005","2008-03-22","36.398191","-86.509613","157.9","GALLATIN 3.4 WNW, TN US","    0",",,N","    0",",,N",,,,,,
"US1TNSR0005","2008-03-23","36.398191","-86.509613","157.9","GALLATIN 3.4 WNW, TN US","    0",",,N","    0",",,N",,,,,,
"US1TNSR0005","2008-03-24","36.398191","-86.509613","157.9","GALLATIN 3.4 WNW, TN US","   10",",,N","    0",",,N",,,,,,
"US1TNSR0005","2008-03-25","36.398191","-86.509613","157.9","GALLATIN 3.4 WNW, TN US","    0",",,N","    0",",,N",,,,,,
"US1TNSR0005","2008-03-26","36.398191","-86.509613","157.9","GALLATIN 3.4 WNW, TN US","    0",",,N","    0",",,N",,,,,,
"US1TNSR0005","2008-03-27","36.398191","-86.509613","157.9","GALLATIN 3.4 WNW, TN US","    0",",,N","    0",",,N",,,,,,
"US1TNSR0005","2008-03-28","36.398191","-86.509613","157.9","GALLATIN 3.4 WNW, TN US","    5",",,N","    0",",,N",,,,,,
"US1TNSR0005","2008-03-29","36.398191","-86.509613","157.9","GALLATIN 3.4 WNW, TN US","   86",",,N","    0",",,N",,,,,,
"US1TNSR0005","2008-03-30","36.398191","-86.509613","157.9","GALLATIN 3.4 WNW, TN US","   86",",,N","    0",",,N",,,,,,
"US1TNSR0005","2008-03-31","36.398191","-86.509613","157.9","GALLATIN 3.4 WNW, TN US","   20",",,N","    0",",,N",,,,,,
"US1TNSR0005","2008-04-01","36.398191","-86.509613","157.9","GALLATIN 3.4 WNW, TN US","  109",",,N","    0",",,N",,,,,,
"US1TNSR0005","2008-04-02","36.398191","-86.509613","157.9","GALLATIN 3.4 WNW, TN US","    0",",,N","    0",",,N",,,,,,
"US1TNSR0005","2008-04-03","36.398191","-86.509613","157.9","GALLATIN 3.4 WNW, TN US","   89",",,N","    0",",,N",,,,,,
"US1TNSR0005","2008-04-04","36.398191","-86.509613","157.9","GALLATIN 3.4 WNW, TN US","  815",",,N","    0",",,N",,,,,,
"US1TNSR0005","2008-04-05","36.398191","-86.509613","157.9","GALLATIN 3.4 WNW, TN US","  104",",,N","    0",",,N",,,,,,
"US1TNSR0005","2008-04-06","36.398191","-86.509613","157.9","GALLATIN 3.4 WNW, TN US","    0",",,N","    0",",,N",,,,,,
"US1TNSR0005","2008-04-07","36.398191","-86.509613","157.9","GALLATIN 3.4 WNW, TN US","    0",",,N","    0",",,N",,,,,,
"US1TNSR0005","2008-04-08","36.398191","-86.509613","157.9","GALLATIN 3.4 WNW, TN US","    0",",,N","    0",",,N",,,,,,
"US1TNSR0005","2008-04-09","36.398191","-86.509613","157.9","GALLATIN 3.4 WNW, TN US","    0","T,,N","    0",",,N",,,,,,
"US1TNSR0005","2008-04-10","36.398191","-86.509613","157.9","GALLATIN 3.4 WNW, TN US","   33",",,N","    0",",,N",,,,,,
"US1TNSR0005","2008-04-11","36.398191","-86.509613","157.9","GALLATIN 3.4 WNW, TN US","  305",",,N","    0",",,N",,,,,,
"US1TNSR0005","2008-04-12","36.398191","-86.509613","157.9","GALLATIN 3.4 WNW, TN US","  152",",,N","    0",",,N",,,,,,
"US1TNSR0005","2008-04-13","36.398191","-86.509613","157.9","GALLATIN 3.4 WNW, TN US","    5",",,N","    0",",,N",,,,,,
"US1TNSR0005","2008-04-14","36.398191","-86.509613","157.9","GALLATIN 3.4 WNW, TN US","    5",",,N","    0",",,N",,,,,,
"US1TNSR0005","2008-04-15","36.398191","-86.509613","157.9","GALLATIN 3.4 WNW, TN US","    3",",,N","    0",",,N",,,,,,
"US1TNSR0005","2008-04-17","36.398191","-86.509613","157.9","GALLATIN 3.4 WNW, TN US","    0",",,N","    0",",,N",,,,,,
"US1TNSR0005","2008-04-18","36.398191","-86.509613","157.9","GALLATIN 3.4 WNW, TN US","    0",",,N","    0",",,N",,,,,,
"US1TNSR0005","2008-04-19","36.398191","-86.509613","157.9","GALLATIN 3.4 WNW, TN US","  155",",,N","    0",",,N",,,,,,
"US1TNSR0005","2008-04-20","36.398191","-86.509613","157.9","GALLATIN 3.4 WNW, TN US","   15",",,N","    0",",,N",,,,,,
"US1TNSR0005","2008-04-21","36.398191","-86.509613","157.9","GALLATIN 3.4 WNW, TN US","    0",",,N","    0",",,N",,,,,,
"US1TNSR0005","2008-04-22","36.398191","-86.509613","157.9","GALLATIN 3.4 WNW, TN US","    0",",,N","    0",",,N",,,,,,
"US1TNSR0005","2008-04-23","36.398191","-86.509613","157.9","GALLATIN 3.4 WNW, TN US","    0",",,N","    0",",,N",,,,,,
"US1TNSR0005","2008-04-24","36.398191","-86.509613","157.9","GALLATIN 3.4 WNW, TN US","    0",",,N","    0",",,N",,,,,,
"US1TNSR0005","2008-04-25","36.398191","-86.509613","157.9","GALLATIN 3.4 WNW, TN US","    0",",,N","    0",",,N",,,,,,
"US1TNSR0005","2008-04-26","36.398191","-86.509613","157.9","GALLATIN 3.4 WNW, TN US","  117",",,N","    0",",,N",,,,,,
"US1TNSR0005","2008-04-27","36.398191","-86.509613","157.9","GALLATIN 3.4 WNW, TN US","    0",",,N","    0",",,N",,,,,,
"US1TNSR0005","2008-04-28","36.398191","-86.509613","157.9","GALLATIN 3.4 WNW, TN US","   43",",,N","    0",",,N",,,,,,
"US1TNSR0005","2008-04-29","36.398191","-86.509613","157.9","GALLATIN 3.4 WNW, TN US","   15",",,N","    0",",,N",,,,,,
"US1TNSR0005","2008-04-30","36.398191","-86.509613","157.9","GALLATIN 3.4 WNW, TN US","    3",",,N","    0",",,N",,,,,,
"US1TNSR0005","2008-05-01","36.398191","-86.509613","157.9","GALLATIN 3.4 WNW, TN US","    0",",,N","    0",",,N",,,,,,
"US1TNSR0005","2008-05-02","36.398191","-86.509613","157.9","GALLATIN 3.4 WNW, TN US","    0",",,N","    0",",,N",,,,,,
"US1TNSR0005","2008-05-03","36.398191","-86.509613","157.9","GALLATIN 3.4 WNW, TN US","  439",",,N","    0",",,N",,,,,,
"US1TNSR0005","2008-05-04","36.398191","-86.509613","157.9","GALLATIN 3.4 WNW, TN US","    0",",,N","    0",",,N",,,,,,
"US1TNSR0005","2008-05-05","36.398191","-86.509613","157.9","GALLATIN 3.4 WNW, TN US","    0",",,N","    0",",,N",,,,,,
"US1TNSR0005","2008-05-06","36.398191","-86.509613","157.9","GALLATIN 3.4 WNW, TN US","    0",",,N","    0",",,N",,,,,,
"US1TNSR0005","2008-05-07","36.398191","-86.509613","157.9","GALLATIN 3.4 WNW, TN US","   18",",,N","    0",",,N",,,,,,
"US1TNSR0005","2008-05-08","36.398191","-86.509613","157.9","GALLATIN 3.4 WNW, TN US","   13",",,N","    0",",,N",,,,,,
"US1TNSR0005","2008-05-09","36.398191","-86.509613","157.9","GALLATIN 3.4 WNW, TN US","  124",",,N","    0",",,N",,,,,,
"US1TNSR0005","2008-05-10","36.398191","-86.509613","157.9","GALLATIN 3.4 WNW, TN US","   28",",,N","    0",",,N",,,,,,
"US1TNSR0005","2008-05-11","36.398191","-86.509613","157.9","GALLATIN 3.4 WNW, TN US","   71",",,N","    0",",,N",,,,,,
"US1TNSR0005","2008-05-12","36.398191","-86.509613","157.9","GALLATIN 3.4 WNW, TN US","    3",",,N","    0",",,N",,,,,,
"US1TNSR0005","2008-05-13","36.398191","-86.509613","157.9","GALLATIN 3.4 WNW, TN US","    0",",,N","    0",",,N",,,,,,
"US1TNSR0005","2008-05-14","36.398191","-86.509613","157.9","GALLATIN 3.4 WNW, TN US","  130",",,N","    0",",,N",,,,,,
"US1TNSR0005","2008-05-15","36.398191","-86.509613","157.9","GALLATIN 3.4 WNW, TN US","  201",",,N","    0",",,N",,,,,,
"US1TNSR0005","2008-05-16","36.398191","-86.509613","157.9","GALLATIN 3.4 WNW, TN US","   66",",,N","    0",",,N",,,,,,
"US1TNSR0005","2008-05-17","36.398191","-86.509613","157.9","GALLATIN 3.4 WNW, TN US","    0",",,N","    0",",,N",,,,,,
"US1TNSR0005","2008-05-18","36.398191","-86.509613","157.9","GALLATIN 3.4 WNW, TN US","    5",",,N","    0",",,N",,,,,,
"US1TNSR0005","2008-05-19","36.398191","-86.509613","157.9","GALLATIN 3.4 WNW, TN US","    3",",,N","    0",",,N",,,,,,
"US1TNSR0005","2008-05-20","36.398191","-86.509613","157.9","GALLATIN 3.4 WNW, TN US","    0",",,N","    0",",,N",,,,,,
"US1TNSR0005","2008-05-21","36.398191","-86.509613","157.9","GALLATIN 3.4 WNW, TN US","    0",",,N","    0",",,N",,,,,,
"US1TNSR0005","2008-05-22","36.398191","-86.509613","157.9","GALLATIN 3.4 WNW, TN US","    0",",,N","    0",",,N",,,,,,
"US1TNSR0005","2008-05-23","36.398191","-86.509613","157.9","GALLATIN 3.4 WNW, TN US","    5",",,N","    0",",,N",,,,,,
"US1TNSR0005","2008-05-24","36.398191","-86.509613","157.9","GALLATIN 3.4 WNW, TN US","    5",",,N","    0",",,N",,,,,,
"US1TNSR0005","2008-05-25","36.398191","-86.509613","157.9","GALLATIN 3.4 WNW, TN US","    0",",,N","    0",",,N",,,,,,
"US1TNSR0005","2008-05-26","36.398191","-86.509613","157.9","GALLATIN 3.4 WNW, TN US","    0",",,N","    0",",,N",,,,,,
"US1TNSR0005","2008-05-27","36.398191","-86.509613","157.9","GALLATIN 3.4 WNW, TN US","  269",",,N","    0",",,N",,,,,,
"US1TNSR0005","2008-05-28","36.398191","-86.509613","157.9","GALLATIN 3.4 WNW, TN US","   18",",,N","    0",",,N",,,,,,
"US1TNSR0005","2008-05-29","36.398191","-86.509613","157.9","GALLATIN 3.4 WNW, TN US","    5",",,N","    0",",,N",,,,,,
"US1TNSR0005","2008-05-30","36.398191","-86.509613","157.9","GALLATIN 3.4 WNW, TN US","    0",",,N","    0",",,N",,,,,,
"US1TNSR0005","2008-05-31","36.398191","-86.509613","157.9","GALLATIN 3.4 WNW, TN US","    0",",,N","    0",",,N",,,,,,
"US1TNSR0005","2008-06-01","36.398191","-86.509613","157.9","GALLATIN 3.4 WNW, TN US","  254",",,N","    0",",,N",,,,,,
"US1TNSR0005","2008-06-02","36.398191","-86.509613","157.9","GALLATIN 3.4 WNW, TN US","    3",",,N","    0",",,N",,,,,,
"US1TNSR0005","2008-06-03","36.398191","-86.509613","157.9","GALLATIN 3.4 WNW, TN US","    3",",,N","    0",",,N",,,,,,
"US1TNSR0005","2008-06-04","36.398191","-86.509613","157.9","GALLATIN 3.4 WNW, TN US","    0",",,N","    0",",,N",,,,,,
"US1TNSR0005","2008-06-05","36.398191","-86.509613","157.9","GALLATIN 3.4 WNW, TN US","    0",",,N","    0",",,N",,,,,,
"US1TNSR0005","2008-06-06","36.398191","-86.509613","157.9","GALLATIN 3.4 WNW, TN US","    0",",,N","    0",",,N",,,,,,
"US1TNSR0005","2008-06-07","36.398191","-86.509613","157.9","GALLATIN 3.4 WNW, TN US","    0",",,N","    0",",,N",,,,,,
"US1TNSR0005","2008-06-08","36.398191","-86.509613","157.9","GALLATIN 3.4 WNW, TN US","    0",",,N","    0",",,N",,,,,,
"US1TNSR0005","2008-06-10","36.398191","-86.509613","157.9","GALLATIN 3.4 WNW, TN US","    0",",,N","    0",",,N",,,,,,
"US1TNSR0005","2008-06-11","36.398191","-86.509613","157.9","GALLATIN 3.4 WNW, TN US","    0",",,N","    0",",,N",,,,,,
"US1TNSR0005","2008-06-12","36.398191","-86.509613","157.9","GALLATIN 3.4 WNW, TN US","    0",",,N","    0",",,N",,,,,,
"US1TNSR0005","2008-06-13","36.398191","-86.509613","157.9","GALLATIN 3.4 WNW, TN US","  114",",,N","    0",",,N",,,,,,
"US1TNSR0005","2008-06-14","36.398191","-86.509613","157.9","GALLATIN 3.4 WNW, TN US","  206",",,N","    0",",,N",,,,,,
"US1TNSR0005","2008-06-15","36.398191","-86.509613","157.9","GALLATIN 3.4 WNW, TN US","    5",",,N","    0",",,N",,,,,,
"US1TNSR0005","2008-06-16","36.398191","-86.509613","157.9","GALLATIN 3.4 WNW, TN US","    0",",,N","    0",",,N",,,,,,
"US1TNSR0005","2008-06-17","36.398191","-86.509613","157.9","GALLATIN 3.4 WNW, TN US","  119",",,N","    0",",,N",,,,,,
"US1TNSR0005","2008-06-18","36.398191","-86.509613","157.9","GALLATIN 3.4 WNW, TN US","    0","T,,N","    0",",,N",,,,,,
"US1TNSR0005","2008-06-19","36.398191","-86.509613","157.9","GALLATIN 3.4 WNW, TN US","    0",",,N","    0",",,N",,,,,,
"US1TNSR0005","2008-06-20","36.398191","-86.509613","157.9","GALLATIN 3.4 WNW, TN US","    0",",,N","    0",",,N",,,,,,
"US1TNSR0005","2008-06-21","36.398191","-86.509613","157.9","GALLATIN 3.4 WNW, TN US","    3",",,N","    0",",,N",,,,,,
"US1TNSR0005","2008-06-22","36.398191","-86.509613","157.9","GALLATIN 3.4 WNW, TN US","  165",",,N","    0",",,N",,,,,,
"US1TNSR0005","2008-06-23","36.398191","-86.509613","157.9","GALLATIN 3.4 WNW, TN US","    5",",,N","    0",",,N",,,,,,
"US1TNSR0005","2008-06-24","36.398191","-86.509613","157.9","GALLATIN 3.4 WNW, TN US","    0",",,N","    0",",,N",,,,,,
"US1TNSR0005","2008-06-25","36.398191","-86.509613","157.9","GALLATIN 3.4 WNW, TN US","    0",",,N","    0",",,N",,,,,,
"US1TNSR0005","2008-06-26","36.398191","-86.509613","157.9","GALLATIN 3.4 WNW, TN US","    3",",,N","    0",",,N",,,,,,
"US1TNSR0005","2008-06-27","36.398191","-86.509613","157.9","GALLATIN 3.4 WNW, TN US","    0",",,N","    0",",,N",,,,,,
"US1TNSR0005","2008-06-28","36.398191","-86.509613","157.9","GALLATIN 3.4 WNW, TN US","    0",",,N","    0",",,N",,,,,,
"US1TNSR0005","2008-06-29","36.398191","-86.509613","157.9","GALLATIN 3.4 WNW, TN US","   23",",,N","    0",",,N",,,,,,
"US1TNSR0005","2008-06-30","36.398191","-86.509613","157.9","GALLATIN 3.4 WNW, TN US","    3",",,N","    0",",,N",,,,,,
"US1TNSR0005","2008-07-01","36.398191","-86.509613","157.9","GALLATIN 3.4 WNW, TN US","    0",",,N","    0",",,N",,,,,,
"US1TNSR0005","2008-07-02","36.398191","-86.509613","157.9","GALLATIN 3.4 WNW, TN US","    0",",,N","    0",",,N",,,,,,
"US1TNSR0005","2008-07-03","36.398191","-86.509613","157.9","GALLATIN 3.4 WNW, TN US","    0",",,N","    0",",,N",,,,,,
"US1TNSR0005","2008-07-04","36.398191","-86.509613","157.9","GALLATIN 3.4 WNW, TN US","    0",",,N","    0",",,N",,,,,,
"US1TNSR0005","2008-07-05","36.398191","-86.509613","157.9","GALLATIN 3.4 WNW, TN US","   51",",,N","    0",",,N",,,,,,
"US1TNSR0005","2008-07-06","36.398191","-86.509613","157.9","GALLATIN 3.4 WNW, TN US","    0",",,N","    0",",,N",,,,,,
"US1TNSR0005","2008-07-07","36.398191","-86.509613","157.9","GALLATIN 3.4 WNW, TN US","    0",",,N","    0",",,N",,,,,,
"US1TNSR0005","2008-07-08","36.398191","-86.509613","157.9","GALLATIN 3.4 WNW, TN US","   94",",,N","    0",",,N",,,,,,
"US1TNSR0005","2008-07-09","36.398191","-86.509613","157.9","GALLATIN 3.4 WNW, TN US","   43",",,N","    0",",,N",,,,,,
"US1TNSR0005","2008-07-10","36.398191","-86.509613","157.9","GALLATIN 3.4 WNW, TN US","  498",",,N","    0",",,N",,,,,,
"US1TNSR0005","2008-07-11","36.398191","-86.509613","157.9","GALLATIN 3.4 WNW, TN US","    3",",,N","    0",",,N",,,,,,
"US1TNSR0005","2008-07-12","36.398191","-86.509613","157.9","GALLATIN 3.4 WNW, TN US","    0",",,N","    0",",,N",,,,,,
"US1TNSR0005","2008-07-13","36.398191","-86.509613","157.9","GALLATIN 3.4 WNW, TN US","   71",",,N","    0",",,N",,,,,,
"US1TNSR0005","2008-07-14","36.398191","-86.509613","157.9","GALLATIN 3.4 WNW, TN US","   10",",,N","    0",",,N",,,,,,
"US1TNSR0005","2008-07-15","36.398191","-86.509613","157.9","GALLATIN 3.4 WNW, TN US","    0",",,N","    0",",,N",,,,,,
"US1TNSR0005","2008-07-16","36.398191","-86.509613","157.9","GALLATIN 3.4 WNW, TN US","    0",",,N","    0",",,N",,,,,,
"US1TNSR0005","2008-07-17","36.398191","-86.509613","157.9","GALLATIN 3.4 WNW, TN US","    0",",,N","    0",",,N",,,,,,
"US1TNSR0005","2008-07-18","36.398191","-86.509613","157.9","GALLATIN 3.4 WNW, TN US","    0",",,N","    0",",,N",,,,,,
"US1TNSR0005","2008-07-19","36.398191","-86.509613","157.9","GALLATIN 3.4 WNW, TN US","    0",",,N","    0",",,N",,,,,,
"US1TNSR0005","2008-07-20","36.398191","-86.509613","157.9","GALLATIN 3.4 WNW, TN US","    0",",,N","    0",",,N",,,,,,
"US1TNSR0005","2008-07-21","36.398191","-86.509613","157.9","GALLATIN 3.4 WNW, TN US","    0",",,N","    0",",,N",,,,,,
"US1TNSR0005","2008-07-22","36.398191","-86.509613","157.9","GALLATIN 3.4 WNW, TN US","    0",",,N","    0",",,N",,,,,,
"US1TNSR0005","2008-07-23","36.398191","-86.509613","157.9","GALLATIN 3.4 WNW, TN US","    0",",,N","    0",",,N",,,,,,
"US1TNSR0005","2008-07-24","36.398191","-86.509613","157.9","GALLATIN 3.4 WNW, TN US","    0",",,N","    0",",,N",,,,,,
"US1TNSR0005","2008-07-25","36.398191","-86.509613","157.9","GALLATIN 3.4 WNW, TN US","  152",",,N","    0",",,N",,,,,,
"US1TNSR0005","2008-07-26","36.398191","-86.509613","157.9","GALLATIN 3.4 WNW, TN US","  178",",,N","    0",",,N",,,,,,
"US1TNSR0005","2008-07-27","36.398191","-86.509613","157.9","GALLATIN 3.4 WNW, TN US","    3",",,N","    0",",,N",,,,,,
"US1TNSR0005","2008-07-28","36.398191","-86.509613","157.9","GALLATIN 3.4 WNW, TN US","    0",",,N","    0",",,N",,,,,,
"US1TNSR0005","2008-07-29","36.398191","-86.509613","157.9","GALLATIN 3.4 WNW, TN US","    0",",,N","    0",",,N",,,,,,
"US1TNSR0005","2008-07-30","36.398191","-86.509613","157.9","GALLATIN 3.4 WNW, TN US","    3",",,N","    0",",,N",,,,,,
"US1TNSR0005","2008-07-31","36.398191","-86.509613","157.9","GALLATIN 3.4 WNW, TN US","  114",",,N","    0",",,N",,,,,,
"US1TNSR0005","2008-08-01","36.398191","-86.509613","157.9","GALLATIN 3.4 WNW, TN US","   30",",,N","    0",",,N",,,,,,
"US1TNSR0005","2008-08-02","36.398191","-86.509613","157.9","GALLATIN 3.4 WNW, TN US","    0",",,N","    0",",,N",,,,,,
"US1TNSR0005","2008-08-03","36.398191","-86.509613","157.9","GALLATIN 3.4 WNW, TN US","    0",",,N","    0",",,N",,,,,,
"US1TNSR0005","2008-08-04","36.398191","-86.509613","157.9","GALLATIN 3.4 WNW, TN US","    0",",,N","    0",",,N",,,,,,
"US1TNSR0005","2008-08-05","36.398191","-86.509613","157.9","GALLATIN 3.4 WNW, TN US","    0",",,N","    0",",,N",,,,,,
"US1TNSR0005","2008-08-06","36.398191","-86.509613","157.9","GALLATIN 3.4 WNW, TN US","    0",",,N","    0",",,N",,,,,,
"US1TNSR0005","2008-08-07","36.398191","-86.509613","157.9","GALLATIN 3.4 WNW, TN US","   76",",,N","    0",",,N",,,,,,
"US1TNSR0005","2008-08-08","36.398191","-86.509613","157.9","GALLATIN 3.4 WNW, TN US","    0",",,N","    0",",,N",,,,,,
"US1TNSR0005","2008-08-09","36.398191","-86.509613","157.9","GALLATIN 3.4 WNW, TN US","    0",",,N","    0",",,N",,,,,,
"US1TNSR0005","2008-08-10","36.398191","-86.509613","157.9","GALLATIN 3.4 WNW, TN US","    0",",,N","    0",",,N",,,,,,
"US1TNSR0005","2008-08-11","36.398191","-86.509613","157.9","GALLATIN 3.4 WNW, TN US","    0",",,N","    0",",,N",,,,,,
"US1TNSR0005","2008-08-12","36.398191","-86.509613","157.9","GALLATIN 3.4 WNW, TN US","    0",",,N","    0",",,N",,,,,,
"US1TNSR0005","2008-08-13","36.398191","-86.509613","157.9","GALLATIN 3.4 WNW, TN US","    0",",,N","    0",",,N",,,,,,
"US1TNSR0005","2008-08-14","36.398191","-86.509613","157.9","GALLATIN 3.4 WNW, TN US","    0",",,N","    0",",,N",,,,,,
"US1TNSR0005","2008-08-15","36.398191","-86.509613","157.9","GALLATIN 3.4 WNW, TN US","    0",",,N","    0",",,N",,,,,,
"US1TNSR0005","2008-08-16","36.398191","-86.509613","157.9","GALLATIN 3.4 WNW, TN US","    0","T,,N","    0",",,N",,,,,,
"US1TNSR0005","2008-08-17","36.398191","-86.509613","157.9","GALLATIN 3.4 WNW, TN US","    0",",,N","    0",",,N",,,,,,
"US1TNSR0005","2008-08-18","36.398191","-86.509613","157.9","GALLATIN 3.4 WNW, TN US","    0",",,N","    0",",,N",,,,,,
"US1TNSR0005","2008-08-19","36.398191","-86.509613","157.9","GALLATIN 3.4 WNW, TN US","    0",",,N","    0",",,N",,,,,,
"US1TNSR0005","2008-08-20","36.398191","-86.509613","157.9","GALLATIN 3.4 WNW, TN US","    0",",,N","    0",",,N",,,,,,
"US1TNSR0005","2008-08-21","36.398191","-86.509613","157.9","GALLATIN 3.4 WNW, TN US","    0",",,N","    0",",,N",,,,,,
"US1TNSR0005","2008-08-22","36.398191","-86.509613","157.9","GALLATIN 3.4 WNW, TN US","    0",",,N","    0",",,N",,,,,,
"US1TNSR0005","2008-08-25","36.398191","-86.509613","157.9","GALLATIN 3.4 WNW, TN US","   46",",,N","    0",",,N",,,,,,
"US1TNSR0005","2008-08-26","36.398191","-86.509613","157.9","GALLATIN 3.4 WNW, TN US","  356",",,N","    0",",,N",,,,,,
"US1TNSR0005","2008-08-27","36.398191","-86.509613","157.9","GALLATIN 3.4 WNW, TN US","   13",",,N","    0",",,N",,,,,,
"US1TNSR0005","2008-08-28","36.398191","-86.509613","157.9","GALLATIN 3.4 WNW, TN US","    5",",,N","    0",",,N",,,,,,
"US1TNSR0005","2008-08-29","36.398191","-86.509613","157.9","GALLATIN 3.4 WNW, TN US","    0",",,N","    0",",,N",,,,,,
"US1TNSR0005","2008-08-30","36.398191","-86.509613","157.9","GALLATIN 3.4 WNW, TN US","    0",",,N","    0",",,N",,,,,,
"US1TNSR0005","2008-08-31","36.398191","-86.509613","157.9","GALLATIN 3.4 WNW, TN US","    0",",,N","    0",",,N",,,,,,
"US1TNSR0005","2008-09-01","36.398191","-86.509613","157.9","GALLATIN 3.4 WNW, TN US","    0",",,N","    0",",,N",,,,,,
"US1TNSR0005","2008-09-02","36.398191","-86.509613","157.9","GALLATIN 3.4 WNW, TN US","    0",",,N","    0",",,N",,,,,,
"US1TNSR0005","2008-09-03","36.398191","-86.509613","157.9","GALLATIN 3.4 WNW, TN US","    0",",,N","    0",",,N",,,,,,
"US1TNSR0005","2008-09-04","36.398191","-86.509613","157.9","GALLATIN 3.4 WNW, TN US","    0",",,N","    0",",,N",,,,,,
"US1TNSR0005","2008-09-05","36.398191","-86.509613","157.9","GALLATIN 3.4 WNW, TN US","  152",",,N","    0",",,N",,,,,,
"US1TNSR0005","2008-09-06","36.398191","-86.509613","157.9","GALLATIN 3.4 WNW, TN US","  109",",,N","    0",",,N",,,,,,
"US1TNSR0005","2008-09-07","36.398191","-86.509613","157.9","GALLATIN 3.4 WNW, TN US","    3",",,N","    0",",,N",,,,,,
"US1TNSR0005","2008-09-08","36.398191","-86.509613","157.9","GALLATIN 3.4 WNW, TN US","    0",",,N","    0",",,N",,,,,,
"US1TNSR0005","2008-09-09","36.398191","-86.509613","157.9","GALLATIN 3.4 WNW, TN US","    0",",,N","    0",",,N",,,,,,
"US1TNSR0005","2008-09-10","36.398191","-86.509613","157.9","GALLATIN 3.4 WNW, TN US","    0",",,N","    0",",,N",,,,,,
"US1TNSR0005","2008-09-11","36.398191","-86.509613","157.9","GALLATIN 3.4 WNW, TN US","    0",",,N","    0",",,N",,,,,,
"US1TNSR0005","2008-09-12","36.398191","-86.509613","157.9","GALLATIN 3.4 WNW, TN US","    0",",,N","    0",",,N",,,,,,
"US1TNSR0005","2008-09-13","36.398191","-86.509613","157.9","GALLATIN 3.4 WNW, TN US","    0",",,N","    0",",,N",,,,,,
"US1TNSR0005","2008-09-14","36.398191","-86.509613","157.9","GALLATIN 3.4 WNW, TN US","    0",",,N","    0",",,N",,,,,,
"US1TNSR0005","2008-09-15","36.398191","-86.509613","157.9","GALLATIN 3.4 WNW, TN US","    0",",,N","    0",",,N",,,,,,
"US1TNSR0005","2008-09-16","36.398191","-86.509613","157.9","GALLATIN 3.4 WNW, TN US","   30",",,N","    0",",,N",,,,,,
"US1TNSR0005","2008-09-17","36.398191","-86.509613","157.9","GALLATIN 3.4 WNW, TN US","    0",",,N","    0",",,N",,,,,,
"US1TNSR0005","2008-09-18","36.398191","-86.509613","157.9","GALLATIN 3.4 WNW, TN US","    0",",,N","    0",",,N",,,,,,
"US1TNSR0005","2008-09-19","36.398191","-86.509613","157.9","GALLATIN 3.4 WNW, TN US","    0",",,N","    0",",,N",,,,,,
"US1TNSR0005","2008-09-20","36.398191","-86.509613","157.9","GALLATIN 3.4 WNW, TN US","    0",",,N","    0",",,N",,,,,,
"US1TNSR0005","2008-09-22","36.398191","-86.509613","157.9","GALLATIN 3.4 WNW, TN US","    0",",,N","    0",",,N",,,,,,
"US1TNSR0005","2008-09-23","36.398191","-86.509613","157.9","GALLATIN 3.4 WNW, TN US","   10",",,N","    0",",,N",,,,,,
"US1TNSR0005","2008-09-25","36.398191","-86.509613","157.9","GALLATIN 3.4 WNW, TN US","    0",",,N","    0",",,N",,,,,,
"US1TNSR0005","2008-09-26","36.398191","-86.509613","157.9","GALLATIN 3.4 WNW, TN US","    0",",,N","    0",",,N",,,,,,
"US1TNSR0005","2008-09-27","36.398191","-86.509613","157.9","GALLATIN 3.4 WNW, TN US","    0",",,N","    0",",,N",,,,,,
"US1TNSR0005","2008-09-28","36.398191","-86.509613","157.9","GALLATIN 3.4 WNW, TN US","    0",",,N","    0",",,N",,,,,,
"US1TNSR0005","2008-09-29","36.398191","-86.509613","157.9","GALLATIN 3.4 WNW, TN US","    0",",,N","    0",",,N",,,,,,
"US1TNSR0005","2008-09-30","36.398191","-86.509613","157.9","GALLATIN 3.4 WNW, TN US","    0",",,N","    0",",,N",,,,,,
"US1TNSR0005","2008-10-01","36.398191","-86.509613","157.9","GALLATIN 3.4 WNW, TN US","    0",",,N","    0",",,N",,,,,,
"US1TNSR0005","2008-10-02","36.398191","-86.509613","157.9","GALLATIN 3.4 WNW, TN US","    0",",,N","    0",",,N",,,,,,
"US1TNSR0005","2008-10-03","36.398191","-86.509613","157.9","GALLATIN 3.4 WNW, TN US","    0",",,N","    0",",,N",,,,,,
"US1TNSR0005","2008-10-05","36.398191","-86.509613","157.9","GALLATIN 3.4 WNW, TN US","    0",",,N","    0",",,N",,,,,,
"US1TNSR0005","2008-10-06","36.398191","-86.509613","157.9","GALLATIN 3.4 WNW, TN US","    0",",,N","    0",",,N",,,,,,
"US1TNSR0005","2008-10-07","36.398191","-86.509613","157.9","GALLATIN 3.4 WNW, TN US","    0",",,N","    0",",,N",,,,,,
"US1TNSR0005","2008-10-08","36.398191","-86.509613","157.9","GALLATIN 3.4 WNW, TN US","  851",",,N","    0",",,N",,,,,,
"US1TNSR0005","2008-10-09","36.398191","-86.509613","157.9","GALLATIN 3.4 WNW, TN US","  102",",,N","    0",",,N",,,,,,
"US1TNSR0005","2008-10-10","36.398191","-86.509613","157.9","GALLATIN 3.4 WNW, TN US","    0",",,N","    0",",,N",,,,,,
"US1TNSR0005","2008-10-11","36.398191","-86.509613","157.9","GALLATIN 3.4 WNW, TN US","    0",",,N","    0",",,N",,,,,,
"US1TNSR0005","2008-10-13","36.398191","-86.509613","157.9","GALLATIN 3.4 WNW, TN US","    0",",,N","    0",",,N",,,,,,
"US1TNSR0005","2008-10-14","36.398191","-86.509613","157.9","GALLATIN 3.4 WNW, TN US","    0",",,N","    0",",,N",,,,,,
"US1TNSR0005","2008-10-15","36.398191","-86.509613","157.9","GALLATIN 3.4 WNW, TN US","    0",",,N","    0",",,N",,,,,,
"US1TNSR0005","2008-10-16","36.398191","-86.509613","157.9","GALLATIN 3.4 WNW, TN US","    0","T,,N","    0",",,N",,,,,,
"US1TNSR0005","2008-10-17","36.398191","-86.509613","157.9","GALLATIN 3.4 WNW, TN US","   76",",,N","    0",",,N",,,,,,
"US1TNSR0005","2008-10-18","36.398191","-86.509613","157.9","GALLATIN 3.4 WNW, TN US","    0",",,N","    0",",,N",,,,,,
"US1TNSR0005","2008-10-19","36.398191","-86.509613","157.9","GALLATIN 3.4 WNW, TN US","    0",",,N","    0",",,N",,,,,,
"US1TNSR0005","2008-10-20","36.398191","-86.509613","157.9","GALLATIN 3.4 WNW, TN US","    0",",,N","    0",",,N",,,,,,
"US1TNSR0005","2008-10-21","36.398191","-86.509613","157.9","GALLATIN 3.4 WNW, TN US","    0",",,N","    0",",,N",,,,,,
"US1TNSR0005","2008-10-22","36.398191","-86.509613","157.9","GALLATIN 3.4 WNW, TN US","    0",",,N","    0",",,N",,,,,,
"US1TNSR0005","2008-10-23","36.398191","-86.509613","157.9","GALLATIN 3.4 WNW, TN US","    0",",,N","    0",",,N",,,,,,
"US1TNSR0005","2008-10-24","36.398191","-86.509613","157.9","GALLATIN 3.4 WNW, TN US","  277",",,N","    0",",,N",,,,,,
"US1TNSR0005","2008-10-25","36.398191","-86.509613","157.9","GALLATIN 3.4 WNW, TN US","  203",",,N","    0",",,N",,,,,,
"US1TNSR0005","2008-10-26","36.398191","-86.509613","157.9","GALLATIN 3.4 WNW, TN US","    0",",,N","    0",",,N",,,,,,
"US1TNSR0005","2008-10-27","36.398191","-86.509613","157.9","GALLATIN 3.4 WNW, TN US","    0",",,N","    0",",,N",,,,,,
"US1TNSR0005","2008-10-28","36.398191","-86.509613","157.9","GALLATIN 3.4 WNW, TN US","    3",",,N","    0",",,N",,,,,,
"US1TNSR0005","2008-10-29","36.398191","-86.509613","157.9","GALLATIN 3.4 WNW, TN US","    0",",,N","    0",",,N",,,,,,
"US1TNSR0005","2008-10-30","36.398191","-86.509613","157.9","GALLATIN 3.4 WNW, TN US","    0",",,N","    0",",,N",,,,,,
"US1TNSR0005","2008-10-31","36.398191","-86.509613","157.9","GALLATIN 3.4 WNW, TN US","    0",",,N","    0",",,N",,,,,,
"US1TNSR0005","2008-11-01","36.398191","-86.509613","157.9","GALLATIN 3.4 WNW, TN US","    0",",,N","    0",",,N",,,,,,
"US1TNSR0005","2008-11-02","36.398191","-86.509613","157.9","GALLATIN 3.4 WNW, TN US","    0",",,N","    0",",,N",,,,,,
"US1TNSR0005","2008-11-03","36.398191","-86.509613","157.9","GALLATIN 3.4 WNW, TN US","    0",",,N","    0",",,N",,,,,,
"US1TNSR0005","2008-11-04","36.398191","-86.509613","157.9","GALLATIN 3.4 WNW, TN US","    0",",,N","    0",",,N",,,,,,
"US1TNSR0005","2008-11-05","36.398191","-86.509613","157.9","GALLATIN 3.4 WNW, TN US","    0",",,N","    0",",,N",,,,,,
"US1TNSR0005","2008-11-06","36.398191","-86.509613","157.9","GALLATIN 3.4 WNW, TN US","    0",",,N","    0",",,N",,,,,,
"US1TNSR0005","2008-11-07","36.398191","-86.509613","157.9","GALLATIN 3.4 WNW, TN US","  135",",,N","    0",",,N",,,,,,
"US1TNSR0005","2008-11-08","36.398191","-86.509613","157.9","GALLATIN 3.4 WNW, TN US","    8",",,N","    0",",,N",,,,,,
"US1TNSR0005","2008-11-09","36.398191","-86.509613","157.9","GALLATIN 3.4 WNW, TN US","    0",",,N","    0",",,N",,,,,,
"US1TNSR0005","2008-11-10","36.398191","-86.509613","157.9","GALLATIN 3.4 WNW, TN US","    0",",,N","    0",",,N",,,,,,
"US1TNSR0005","2008-11-11","36.398191","-86.509613","157.9","GALLATIN 3.4 WNW, TN US","    5",",,N","    0",",,N",,,,,,
"US1TNSR0005","2008-11-12","36.398191","-86.509613","157.9","GALLATIN 3.4 WNW, TN US","    3",",,N","    0",",,N",,,,,,
"US1TNSR0005","2008-11-13","36.398191","-86.509613","157.9","GALLATIN 3.4 WNW, TN US","   56",",,N","    0",",,N",,,,,,
"US1TNSR0005","2008-11-14","36.398191","-86.509613","157.9","GALLATIN 3.4 WNW, TN US","   10",",,N","    0",",,N",,,,,,
"US1TNSR0005","2008-11-15","36.398191","-86.509613","157.9","GALLATIN 3.4 WNW, TN US","  102",",,N","    0",",,N",,,,,,
"US1TNSR0005","2008-11-16","36.398191","-86.509613","157.9","GALLATIN 3.4 WNW, TN US","    0",",,N","    0",",,N",,,,,,
"US1TNSR0005","2008-11-17","36.398191","-86.509613","157.9","GALLATIN 3.4 WNW, TN US","    0",",,N","    0",",,N",,,,,,
"US1TNSR0005","2008-11-18","36.398191","-86.509613","157.9","GALLATIN 3.4 WNW, TN US","    0",",,N","    0",",,N",,,,,,
"US1TNSR0005","2008-11-19","36.398191","-86.509613","157.9","GALLATIN 3.4 WNW, TN US","    0",",,N","    0",",,N",,,,,,
"US1TNSR0005","2008-11-20","36.398191","-86.509613","157.9","GALLATIN 3.4 WNW, TN US","    0",",,N","    0",",,N",,,,,,
"US1TNSR0005","2008-11-21","36.398191","-86.509613","157.9","GALLATIN 3.4 WNW, TN US","    0",",,N","    0",",,N",,,,,,
"US1TNSR0005","2008-11-22","36.398191","-86.509613","157.9","GALLATIN 3.4 WNW, TN US","    0",",,N","    0",",,N",,,,,,
"US1TNSR0005","2008-11-24","36.398191","-86.509613","157.9","GALLATIN 3.4 WNW, TN US","   69",",,N","    0",",,N",,,,,,
"US1TNSR0005","2008-11-25","36.398191","-86.509613","157.9","GALLATIN 3.4 WNW, TN US","  135",",,N","    0",",,N",,,,,,
"US1TNSR0005","2008-11-29","36.398191","-86.509613","157.9","GALLATIN 3.4 WNW, TN US","    0",",,N","    0",",,N",,,,,,
"US1TNSR0005","2008-11-30","36.398191","-86.509613","157.9","GALLATIN 3.4 WNW, TN US","   25",",,N","    0",",,N",,,,,,
"US1TNSR0005","2008-12-01","36.398191","-86.509613","157.9","GALLATIN 3.4 WNW, TN US","   23",",,N","    0",",,N",,,,,,
"US1TNSR0005","2008-12-02","36.398191","-86.509613","157.9","GALLATIN 3.4 WNW, TN US","    5",",,N","    0",",,N",,,,,,
"US1TNSR0005","2008-12-03","36.398191","-86.509613","157.9","GALLATIN 3.4 WNW, TN US","    0",",,N","    0",",,N",,,,,,
"US1TNSR0005","2008-12-04","36.398191","-86.509613","157.9","GALLATIN 3.4 WNW, TN US","   81",",,N","    0",",,N",,,,,,
"US1TNSR0005","2008-12-05","36.398191","-86.509613","157.9","GALLATIN 3.4 WNW, TN US","    0",",,N","    0",",,N",,,,,,
"US1TNSR0005","2008-12-06","36.398191","-86.509613","157.9","GALLATIN 3.4 WNW, TN US","    0",",,N","    0",",,N",,,,,,
"US1TNSR0005","2008-12-08","36.398191","-86.509613","157.9","GALLATIN 3.4 WNW, TN US","    0",",,N","    0",",,N",,,,,,
"US1TNSR0005","2008-12-09","36.398191","-86.509613","157.9","GALLATIN 3.4 WNW, TN US","    0",",,N","    0",",,N",,,,,,
"US1TNSR0005","2008-12-10","36.398191","-86.509613","157.9","GALLATIN 3.4 WNW, TN US","  742",",,N","    0",",,N",,,,,,
"US1TNSR0005","2008-12-11","36.398191","-86.509613","157.9","GALLATIN 3.4 WNW, TN US","   25",",,N","    0",",,N",,,,,,
"US1TNSR0005","2008-12-12","36.398191","-86.509613","157.9","GALLATIN 3.4 WNW, TN US","   76",",,N","    0",",,N",,,,,,
"US1TNSR0005","2008-12-13","36.398191","-86.509613","157.9","GALLATIN 3.4 WNW, TN US","    0",",,N","    0",",,N",,,,,,
"US1TNSR0005","2008-12-14","36.398191","-86.509613","157.9","GALLATIN 3.4 WNW, TN US","    0",",,N","    0",",,N",,,,,,
"US1TNSR0005","2008-12-15","36.398191","-86.509613","157.9","GALLATIN 3.4 WNW, TN US","    0",",,N","    0",",,N",,,,,,
"US1TNSR0005","2008-12-17","36.398191","-86.509613","157.9","GALLATIN 3.4 WNW, TN US","   38",",,N",,,,,,,,
"US1TNSR0005","2008-12-18","36.398191","-86.509613","157.9","GALLATIN 3.4 WNW, TN US","    8",",,N",,,,,,,,
"US1TNSR0005","2008-12-19","36.398191","-86.509613","157.9","GALLATIN 3.4 WNW, TN US","   15",",,N",,,,,,,,
"US1TNSR0005","2008-12-22","36.398191","-86.509613","157.9","GALLATIN 3.4 WNW, TN US","    0",",,N","    0",",,N",,,,,,
"US1TNSR0005","2008-12-23","36.398191","-86.509613","157.9","GALLATIN 3.4 WNW, TN US","    0",",,N","    0",",,N",,,,,,
"US1TNSR0005","2008-12-24","36.398191","-86.509613","157.9","GALLATIN 3.4 WNW, TN US","  267",",,N",,,,,,,,
"US1TNSR0005","2008-12-25","36.398191","-86.509613","157.9","GALLATIN 3.4 WNW, TN US","  262",",,N",,,,,,,,
"US1TNSR0005","2008-12-26","36.398191","-86.509613","157.9","GALLATIN 3.4 WNW, TN US","    5",",,N",,,,,,,,
"US1TNSR0005","2008-12-28","36.398191","-86.509613","157.9","GALLATIN 3.4 WNW, TN US","   94",",,N",,,,,,,,
"US1TNSR0005","2008-12-29","36.398191","-86.509613","157.9","GALLATIN 3.4 WNW, TN US","    0",",,N","    0",",,N",,,,,,
"US1TNSR0005","2008-12-30","36.398191","-86.509613","157.9","GALLATIN 3.4 WNW, TN US","    0",",,N","    0",",,N",,,,,,
"US1TNSR0005","2008-12-31","36.398191","-86.509613","157.9","GALLATIN 3.4 WNW, TN US","    0",",,N","    0",",,N",,,,,,
"US1TNSR0005","2009-01-01","36.398191","-86.509613","157.9","GALLATIN 3.4 WNW, TN US","    0",",,N","    0",",,N",,,,,,
"US1TNSR0005","2009-01-02","36.398191","-86.509613","157.9","GALLATIN 3.4 WNW, TN US","    5",",,N",,,,,,,,
"US1TNSR0005","2009-01-03","36.398191","-86.509613","157.9","GALLATIN 3.4 WNW, TN US","    0",",,N","    0",",,N",,,,,,
"US1TNSR0005","2009-01-04","36.398191","-86.509613","157.9","GALLATIN 3.4 WNW, TN US","   13",",,N",,,,,,,,
"US1TNSR0005","2009-01-05","36.398191","-86.509613","157.9","GALLATIN 3.4 WNW, TN US","  147",",,N",,,,,,,,
"US1TNSR0005","2009-01-06","36.398191","-86.509613","157.9","GALLATIN 3.4 WNW, TN US","  117",",,N",,,,,,,,
"US1TNSR0005","2009-01-07","36.398191","-86.509613","157.9","GALLATIN 3.4 WNW, TN US","  264",",,N",,,,,,,,
"US1TNSR0005","2009-01-08","36.398191","-86.509613","157.9","GALLATIN 3.4 WNW, TN US","    8",",,N",,,,,,,,
"US1TNSR0005","2009-01-09","36.398191","-86.509613","157.9","GALLATIN 3.4 WNW, TN US","    0",",,N","    0",",,N",,,,,,
"US1TNSR0005","2009-01-10","36.398191","-86.509613","157.9","GALLATIN 3.4 WNW, TN US","   64",",,N",,,,,,,,
"US1TNSR0005","2009-01-11","36.398191","-86.509613","157.9","GALLATIN 3.4 WNW, TN US","   41",",,N",,,,,,,,
"US1TNSR0005","2009-01-12","36.398191","-86.509613","157.9","GALLATIN 3.4 WNW, TN US","    0","T,,N",,,,,,,,
"US1TNSR0005","2009-01-13","36.398191","-86.509613","157.9","GALLATIN 3.4 WNW, TN US","    5",",,N",,,,,,,,
"US1TNSR0005","2009-01-14","36.398191","-86.509613","157.9","GALLATIN 3.4 WNW, TN US","    0",",,N","    0",",,N",,,,,,
"US1TNSR0005","2009-01-15","36.398191","-86.509613","157.9","GALLATIN 3.4 WNW, TN US","    0",",,N","    0",",,N",,,,,,
"US1TNSR0005","2009-01-16","36.398191","-86.509613","157.9","GALLATIN 3.4 WNW, TN US","    0",",,N","    0",",,N",,,,,,
"US1TNSR0005","2009-01-17","36.398191","-86.509613","157.9","GALLATIN 3.4 WNW, TN US","    0",",,N","    0",",,N",,,,,,
"US1TNSR0005","2009-01-19","36.398191","-86.509613","157.9","GALLATIN 3.4 WNW, TN US","    8",",,N",,,,,,,,
"US1TNSR0005","2009-01-20","36.398191","-86.509613","157.9","GALLATIN 3.4 WNW, TN US","    0","T,,N",,,,,,,,
"US1TNSR0005","2009-01-21","36.398191","-86.509613","157.9","GALLATIN 3.4 WNW, TN US","    5",",,N",,,,,,,,
"US1TNSR0005","2009-01-22","36.398191","-86.509613","157.9","GALLATIN 3.4 WNW, TN US","    0",",,N","    0",",,N",,,,,,
"US1TNSR0005","2009-01-23","36.398191","-86.509613","157.9","GALLATIN 3.4 WNW, TN US","    0",",,N","    0",",,N",,,,,,
"US1TNSR0005","2009-01-24","36.398191","-86.509613","157.9","GALLATIN 3.4 WNW, TN US","    0",",,N","    0",",,N",,,,,,
"US1TNSR0005","2009-01-25","36.398191","-86.509613","157.9","GALLATIN 3.4 WNW, TN US","    0",",,N","    0",",,N",,,,,,
"US1TNSR0005","2009-01-26","36.398191","-86.509613","157.9","GALLATIN 3.4 WNW, TN US","    0",",,N","    0",",,N",,,,,,
"US1TNSR0005","2009-01-27","36.398191","-86.509613","157.9","GALLATIN 3.4 WNW, TN US","  246",",,N",,,,,,,,
"US1TNSR0005","2009-01-28","36.398191","-86.509613","157.9","GALLATIN 3.4 WNW, TN US","  729",",,N",,,,,,,,
"US1TNSR0005","2009-01-29","36.398191","-86.509613","157.9","GALLATIN 3.4 WNW, TN US","   23",",,N",,,,,,,,
"US1TNSR0005","2009-01-30","36.398191","-86.509613","157.9","GALLATIN 3.4 WNW, TN US","    0",",,N","    0",",,N",,,,,,
"US1TNSR0005","2009-01-31","36.398191","-86.509613","157.9","GALLATIN 3.4 WNW, TN US","    0",",,N","    0",",,N",,,,,,
"US1TNSR0005","2009-02-01","36.398191","-86.509613","157.9","GALLATIN 3.4 WNW, TN US","    0",",,N","    0",",,N",,,,,,
"US1TNSR0005","2009-02-02","36.398191","-86.509613","157.9","GALLATIN 3.4 WNW, TN US","    0",",,N","    0",",,N",,,,,,
"US1TNSR0005","2009-02-03","36.398191","-86.509613","157.9","GALLATIN 3.4 WNW, TN US","    0","T,,N",,,,,,,,
"US1TNSR0005","2009-02-04","36.398191","-86.509613","157.9","GALLATIN 3.4 WNW, TN US","    0",",,N","    0",",,N",,,,,,
"US1TNSR0005","2009-02-06","36.398191","-86.509613","157.9","GALLATIN 3.4 WNW, TN US","    0",",,N","    0",",,N",,,,,,
"US1TNSR0005","2009-02-08","36.398191","-86.509613","157.9","GALLATIN 3.4 WNW, TN US","    0",",,N","    0",",,N",,,,,,
"US1TNSR0005","2009-02-09","36.398191","-86.509613","157.9","GALLATIN 3.4 WNW, TN US","    0",",,N","    0",",,N",,,,,,
"US1TNSR0005","2009-02-10","36.398191","-86.509613","157.9","GALLATIN 3.4 WNW, TN US","    0",",,N","    0",",,N",,,,,,
"US1TNSR0005","2009-02-11","36.398191","-86.509613","157.9","GALLATIN 3.4 WNW, TN US","   13",",,N",,,,,,,,
"US1TNSR0005","2009-02-12","36.398191","-86.509613","157.9","GALLATIN 3.4 WNW, TN US","   89",",,N",,,,,,,,
"US1TNSR0005","2009-02-13","36.398191","-86.509613","157.9","GALLATIN 3.4 WNW, TN US","    0",",,N","    0",",,N",,,,,,
"US1TNSR0005","2009-02-14","36.398191","-86.509613","157.9","GALLATIN 3.4 WNW, TN US","   25",",,N",,,,,,,,
"US1TNSR0005","2009-02-15","36.398191","-86.509613","157.9","GALLATIN 3.4 WNW, TN US","    0",",,N","    0",",,N",,,,,,
"US1TNSR0005","2009-02-16","36.398191","-86.509613","157.9","GALLATIN 3.4 WNW, TN US","    0",",,N","    0",",,N",,,,,,
"US1TNSR0005","2009-02-17","36.398191","-86.509613","157.9","GALLATIN 3.4 WNW, TN US","    0",",,N","    0",",,N",,,,,,
"US1TNSR0005","2009-02-18","36.398191","-86.509613","157.9","GALLATIN 3.4 WNW, TN US","  244",",,N",,,,,,,,
"US1TNSR0005","2009-02-19","36.398191","-86.509613","157.9","GALLATIN 3.4 WNW, TN US","    5",",,N",,,,,,,,
"US1TNSR0005","2009-02-21","36.398191","-86.509613","157.9","GALLATIN 3.4 WNW, TN US","    0",",,N","    0",",,N",,,,,,
"US1TNSR0005","2009-02-22","36.398191","-86.509613","157.9","GALLATIN 3.4 WNW, TN US","   56",",,N",,,,,,,,
"US1TNSR0005","2009-02-23","36.398191","-86.509613","157.9","GALLATIN 3.4 WNW, TN US","    0",",,N","    0",",,N",,,,,,
"US1TNSR0005","2009-02-24","36.398191","-86.509613","157.9","GALLATIN 3.4 WNW, TN US","    0",",,N","    0",",,N",,,,,,
"US1TNSR0005","2009-02-25","36.398191","-86.509613","157.9","GALLATIN 3.4 WNW, TN US","    0",",,N","    0",",,N",,,,,,
"US1TNSR0005","2009-02-26","36.398191","-86.509613","157.9","GALLATIN 3.4 WNW, TN US","   64",",,N",,,,,,,,
"US1TNSR0005","2009-02-27","36.398191","-86.509613","157.9","GALLATIN 3.4 WNW, TN US","  137",",,N",,,,,,,,
"US1TNSR0005","2009-02-28","36.398191","-86.509613","157.9","GALLATIN 3.4 WNW, TN US","   94",",,N",,,,,,,,
"US1TNSR0005","2009-03-02","36.398191","-86.509613","157.9","GALLATIN 3.4 WNW, TN US","    0",",,N","    0",",,N",,,,,,
"US1TNSR0005","2009-03-03","36.398191","-86.509613","157.9","GALLATIN 3.4 WNW, TN US","    0",",,N","    0",",,N",,,,,,
"US1TNSR0005","2009-03-04","36.398191","-86.509613","157.9","GALLATIN 3.4 WNW, TN US","    0",",,N","    0",",,N",,,,,,
"US1TNSR0005","2009-03-06","36.398191","-86.509613","157.9","GALLATIN 3.4 WNW, TN US","    0",",,N","    0",",,N",,,,,,
"US1TNSR0005","2009-03-07","36.398191","-86.509613","157.9","GALLATIN 3.4 WNW, TN US","    0",",,N","    0",",,N",,,,,,
"US1TNSR0005","2009-03-08","36.398191","-86.509613","157.9","GALLATIN 3.4 WNW, TN US","    0",",,N","    0",",,N",,,,,,
"US1TNSR0005","2009-03-09","36.398191","-86.509613","157.9","GALLATIN 3.4 WNW, TN US","   30",",,N",,,,,,,,
"US1TNSR0005","2009-03-11","36.398191","-86.509613","157.9","GALLATIN 3.4 WNW, TN US","   25",",,N","    0",",,N",,,,,,
"US1TNSR0005","2009-03-12","36.398191","-86.509613","157.9","GALLATIN 3.4 WNW, TN US","    5",",,N",,,,,,,,
"US1TNSR0005","2009-03-13","36.398191","-86.509613","157.9","GALLATIN 3.4 WNW, TN US","   51",",,N",,,,,,,,
"US1TNSR0005","2009-03-14","36.398191","-86.509613","157.9","GALLATIN 3.4 WNW, TN US","  239",",,N",,,,,,,,
"US1TNSR0005","2009-03-15","36.398191","-86.509613","157.9","GALLATIN 3.4 WNW, TN US","   81",",,N",,,,,,,,
"US1TNSR0005","2009-03-16","36.398191","-86.509613","157.9","GALLATIN 3.4 WNW, TN US","    3",",,N",,,,,,,,
"US1TNSR0005","2009-03-17","36.398191","-86.509613","157.9","GALLATIN 3.4 WNW, TN US","    0",",,N","    0",",,N",,,,,,
"US1TNSR0005","2009-03-19","36.398191","-86.509613","157.9","GALLATIN 3.4 WNW, TN US","    0",",,N","    0",",,N",,,,,,
"US1TNSR0005","2009-03-20","36.398191","-86.509613","157.9","GALLATIN 3.4 WNW, TN US","    0",",,N","    0",",,N",,,,,,
"US1TNSR0005","2009-03-21","36.398191","-86.509613","157.9","GALLATIN 3.4 WNW, TN US","    0",",,N","    0",",,N",,,,,,
"US1TNSR0005","2009-03-22","36.398191","-86.509613","157.9","GALLATIN 3.4 WNW, TN US","    0",",,N","    0",",,N",,,,,,
"US1TNSR0005","2009-03-23","36.398191","-86.509613","157.9","GALLATIN 3.4 WNW, TN US","    0",",,N","    0",",,N",,,,,,
"US1TNSR0005","2009-03-24","36.398191","-86.509613","157.9","GALLATIN 3.4 WNW, TN US","    0",",,N","    0",",,N",,,,,,
"US1TNSR0005","2009-03-26","36.398191","-86.509613","157.9","GALLATIN 3.4 WNW, TN US",,,,,"    2",",,N","  290",",,N",,
"US1TNSR0005","2009-03-28","36.398191","-86.509613","157.9","GALLATIN 3.4 WNW, TN US","   48",",,N",,,,,,,,
"US1TNSR0005","2009-03-29","36.398191","-86.509613","157.9","GALLATIN 3.4 WNW, TN US","   79",",,N",,,,,,,,
"US1TNSR0005","2009-03-30","36.398191","-86.509613","157.9","GALLATIN 3.4 WNW, TN US","    0",",,N","    0",",,N",,,,,,
"US1TNSR0005","2009-03-31","36.398191","-86.509613","157.9","GALLATIN 3.4 WNW, TN US","    0",",,N","    0",",,N",,,,,,
"US1TNSR0005","2009-04-01","36.398191","-86.509613","157.9","GALLATIN 3.4 WNW, TN US","   41",",,N",,,,,,,,
"US1TNSR0005","2009-04-02","36.398191","-86.509613","157.9","GALLATIN 3.4 WNW, TN US","    0",",,N","    0",",,N",,,,,,
"US1TNSR0005","2009-04-03","36.398191","-86.509613","157.9","GALLATIN 3.4 WNW, TN US","  439",",,N",,,,,,,,
"US1TNSR0005","2009-04-04","36.398191","-86.509613","157.9","GALLATIN 3.4 WNW, TN US","    0",",,N","    0",",,N",,,,,,
"US1TNSR0005","2009-04-05","36.398191","-86.509613","157.9","GALLATIN 3.4 WNW, TN US","    0",",,N","    0",",,N",,,,,,
"US1TNSR0005","2009-04-06","36.398191","-86.509613","157.9","GALLATIN 3.4 WNW, TN US","   38",",,N",,,,,,,,
"US1TNSR0005","2009-04-07","36.398191","-86.509613","157.9","GALLATIN 3.4 WNW, TN US","   66",",,N",,,,,,,,
"US1TNSR0005","2009-04-08","36.398191","-86.509613","157.9","GALLATIN 3.4 WNW, TN US","    0",",,N","    0",",,N",,,,,,
"US1TNSR0005","2009-04-10","36.398191","-86.509613","157.9","GALLATIN 3.4 WNW, TN US","  145",",,N",,,,,,,,
"US1TNSR0005","2009-04-11","36.398191","-86.509613","157.9","GALLATIN 3.4 WNW, TN US","   81",",,N",,,,,,,,
"US1TNSR0005","2009-04-12","36.398191","-86.509613","157.9","GALLATIN 3.4 WNW, TN US","    0",",,N","    0",",,N",,,,,,
"US1TNSR0005","2009-04-13","36.398191","-86.509613","157.9","GALLATIN 3.4 WNW, TN US","   10",",,N",,,,,,,,
"US1TNSR0005","2009-04-14","36.398191","-86.509613","157.9","GALLATIN 3.4 WNW, TN US","   43",",,N",,,,,,,,
"US1TNSR0005","2009-04-15","36.398191","-86.509613","157.9","GALLATIN 3.4 WNW, TN US","    8",",,N",,,,,,,,
"US1TNSR0005","2009-04-16","36.398191","-86.509613","157.9","GALLATIN 3.4 WNW, TN US","    0",",,N","    0",",,N",,,,,,
"US1TNSR0005","2009-04-17","36.398191","-86.509613","157.9","GALLATIN 3.4 WNW, TN US","    0",",,N","    0",",,N",,,,,,
"US1TNSR0005","2009-04-19","36.398191","-86.509613","157.9","GALLATIN 3.4 WNW, TN US","  152",",,N",,,,,,,,
"US1TNSR0005","2009-04-22","36.398191","-86.509613","157.9","GALLATIN 3.4 WNW, TN US","   28",",,N",,,,,,,,
"US1TNSR0005","2009-04-24","36.398191","-86.509613","157.9","GALLATIN 3.4 WNW, TN US","   15",",,N",,,,,,,,
"US1TNSR0005","2009-04-25","36.398191","-86.509613","157.9","GALLATIN 3.4 WNW, TN US","    0",",,N","    0",",,N",,,,,,
"US1TNSR0005","2009-04-26","36.398191","-86.509613","157.9","GALLATIN 3.4 WNW, TN US","    0",",,N","    0",",,N",,,,,,
"US1TNSR0005","2009-04-27","36.398191","-86.509613","157.9","GALLATIN 3.4 WNW, TN US","    0",",,N","    0",",,N",,,,,,
"US1TNSR0005","2009-04-28","36.398191","-86.509613","157.9","GALLATIN 3.4 WNW, TN US","    0",",,N","    0",",,N",,,,,,
"US1TNSR0005","2009-04-29","36.398191","-86.509613","157.9","GALLATIN 3.4 WNW, TN US","    0",",,N","    0",",,N",,,,,,
"US1TNSR0005","2009-04-30","36.398191","-86.509613","157.9","GALLATIN 3.4 WNW, TN US","    0","T,,N",,,,,,,,
"US1TNSR0005","2009-05-01","36.398191","-86.509613","157.9","GALLATIN 3.4 WNW, TN US","  366",",,N",,,,,,,,
"US1TNSR0005","2009-05-02","36.398191","-86.509613","157.9","GALLATIN 3.4 WNW, TN US","  450",",,N",,,,,,,,
"US1TNSR0005","2009-05-03","36.398191","-86.509613","157.9","GALLATIN 3.4 WNW, TN US","   38",",,N",,,,,,,,
"US1TNSR0005","2009-05-04","36.398191","-86.509613","157.9","GALLATIN 3.4 WNW, TN US","  213",",,N",,,,,,,,
"US1TNSR0005","2009-05-05","36.398191","-86.509613","157.9","GALLATIN 3.4 WNW, TN US","    8",",,N",,,,,,,,
"US1TNSR0005","2009-05-06","36.398191","-86.509613","157.9","GALLATIN 3.4 WNW, TN US","   20",",,N",,,,,,,,
"US1TNSR0005","2009-05-07","36.398191","-86.509613","157.9","GALLATIN 3.4 WNW, TN US","  119",",,N",,,,,,,,
"US1TNSR0005","2009-05-08","36.398191","-86.509613","157.9","GALLATIN 3.4 WNW, TN US","  150",",,N",,,,,,,,
"US1TNSR0005","2009-05-09","36.398191","-86.509613","157.9","GALLATIN 3.4 WNW, TN US","  823",",,N",,,,,,,,
"US1TNSR0005","2009-05-10","36.398191","-86.509613","157.9","GALLATIN 3.4 WNW, TN US","    5",",,N",,,,,,,,
"US1TNSR0005","2009-05-11","36.398191","-86.509613","157.9","GALLATIN 3.4 WNW, TN US","   10",",,N",,,,,,,,
"US1TNSR0005","2009-05-12","36.398191","-86.509613","157.9","GALLATIN 3.4 WNW, TN US","    0",",,N","    0",",,N",,,,,,
"US1TNSR0005","2009-05-13","36.398191","-86.509613","157.9","GALLATIN 3.4 WNW, TN US","    0",",,N","    0",",,N",,,,,,
"US1TNSR0005","2009-05-14","36.398191","-86.509613","157.9","GALLATIN 3.4 WNW, TN US","    0",",,N","    0",",,N",,,,,,
"US1TNSR0005","2009-05-16","36.398191","-86.509613","157.9","GALLATIN 3.4 WNW, TN US","  254",",,N",,,,,,,,
"US1TNSR0005","2009-05-17","36.398191","-86.509613","157.9","GALLATIN 3.4 WNW, TN US","   46",",,N",,,,,,,,
"US1TNSR0005","2009-05-18","36.398191","-86.509613","157.9","GALLATIN 3.4 WNW, TN US","    0",",,N","    0",",,N",,,,,,
"US1TNSR0005","2009-05-19","36.398191","-86.509613","157.9","GALLATIN 3.4 WNW, TN US","    0",",,N","    0",",,N",,,,,,
"US1TNSR0005","2009-05-20","36.398191","-86.509613","157.9","GALLATIN 3.4 WNW, TN US","    0",",,N","    0",",,N",,,,,,
"US1TNSR0005","2009-05-21","36.398191","-86.509613","157.9","GALLATIN 3.4 WNW, TN US","    0",",,N","    0",",,N",,,,,,
"US1TNSR0005","2009-05-25","36.398191","-86.509613","157.9","GALLATIN 3.4 WNW, TN US","  130",",,N",,,,,,,,
"US1TNSR0005","2009-05-26","36.398191","-86.509613","157.9","GALLATIN 3.4 WNW, TN US","  140",",,N",,,,,,,,
"US1TNSR0005","2009-05-27","36.398191","-86.509613","157.9","GALLATIN 3.4 WNW, TN US","    0","T,,N",,,,,,,,
"US1TNSR0005","2009-05-28","36.398191","-86.509613","157.9","GALLATIN 3.4 WNW, TN US","    0",",,N","    0",",,N",,,,,,
"US1TNSR0005","2009-05-29","36.398191","-86.509613","157.9","GALLATIN 3.4 WNW, TN US","   81",",,N",,,,,,,,
"US1TNSR0005","2009-05-30","36.398191","-86.509613","157.9","GALLATIN 3.4 WNW, TN US","    0",",,N","    0",",,N",,,,,,
"US1TNSR0005","2009-05-31","36.398191","-86.509613","157.9","GALLATIN 3.4 WNW, TN US","    0",",,N","    0",",,N",,,,,,
"US1TNSR0005","2009-06-05","36.398191","-86.509613","157.9","GALLATIN 3.4 WNW, TN US","    8",",,N",,,,,,,,
